id,first_name,last_name,email,api_key
1,Berte,Daveren,bdaveren0@admin.ch,kqcPKSUQZLPE5n999pov
2,Cordell,Chicchelli,cchicchelli1@scribd.com,kptLHOQTLPCIJt1l2dcp
3,Laina,Grimley,lgrimley2@xinhuanet.com,wgoRFPM5P25JVi980ehm
4,Gonzalo,Rubinek,grubinek3@macromedia.com,cuxXJUA2OM2T9msu7ryh
5,Leontine,Hentzeler,lhentzeler4@shop-pro.jp,btqLYOZW5BFDFk431rub
6,Lesya,Tickner,ltickner5@wordpress.org,kniBEFAYR2JNLo685ivf
7,Barnebas,Bolitho,bbolitho6@hc360.com,ubjJBWVUC7B2Iphc7jxp
8,Bride,Arrigo,barrigo7@infoseek.co.jp,bvmKUDWPJ5BCOfg18spv
9,Tabina,Halwood,thalwood8@answers.com,yqoWLBFPC9N118od4nzx
10,Margret,Pacheco,mpacheco9@addtoany.com,rckNLNK7I6AVTtvn9kdl
11,Elias,O'Logan,eologana@squidoo.com,xosQCTRPPGR5J7666vut
12,Annissa,Valler,avallerb@wisc.edu,hgkGXLRTRNOWUq265but
13,Flor,McGerraghty,fmcgerraghtyc@instagram.com,rzoMFECJC7NKQtsc5nfi
14,Helenka,McDermott,hmcdermottd@dmoz.org,ybyUMMVM4A8EAu8f8lij
15,Sonnie,Ellif,sellife@qq.com,pkfSLQX6WH14Xqhu2gxw
16,Ashli,Boldry,aboldryf@ucoz.com,kwoVDEVL3FTTYhkq7etn
17,Brita,Wilde,bwildeg@chronoengine.com,xuwQQOB0T1FTDjqb2csm
18,Aurea,Giron,agironh@mail.ru,dnsNSSVOOOAA5kc08lgw
19,Catina,Knowles,cknowlesi@cdbaby.com,zkvBZMRLL1NHKyxm5iyb
20,Chloris,Tregiddo,ctregiddoj@princeton.edu,gpqINEJZYAJEKana5cpk
21,Easter,Jerromes,ejerromesk@adobe.com,axjDUNTN9Y34K4ww5rvf
22,Austin,Ebbles,aebblesl@huffingtonpost.com,chuNKSCS2NLKThgs7oqj
23,Trudey,Sidworth,tsidworthm@imgur.com,cbpDDJRV780PYh3x3byd
24,Lorianna,Kiossel,lkiosseln@shop-pro.jp,rylQTLUCVL95Xkrv0pbp
25,Allys,Romushkin,aromushkino@t.co,azlHFPA809XUHb0k4qmo
26,Fayre,Keasy,fkeasyp@github.io,pksFPGG5CDTF7ha39geb
27,Roxine,Massinger,rmassingerq@hubpages.com,sttYGDWCSRI65n218kno
28,Dal,Prince,dprincer@altervista.org,pyeYSOGEFBI9Ar4r2bfi
29,Rikki,Jantot,rjantots@marriott.com,yqaRVRRQ1Z8TDm7h9tqr
30,Winston,Shevlane,wshevlanet@wikispaces.com,jsvMRMCMZNG3Ik2f4thp
31,Davine,Gerardeaux,dgerardeauxu@ask.com,bjxUTDPCU3A2Wft48hmj
32,Nickola,Rolland,nrollandv@netvibes.com,nqfRLWTYBVMQP8ea1xyu
33,Galen,Kaiser,gkaiserw@ameblo.jp,ustBNXABYI1X34lm6wwa
34,Timmie,Gockelen,tgockelenx@weather.com,yrjKNGELEC296pkw9gzb
35,Henrie,Godfroy,hgodfroyy@homestead.com,afqTDPF7K0H94diq1cvu
36,Ramona,Brisco,rbriscoz@rediff.com,xblNWPD1E8HB5oep2sll
37,Emili,Newband,enewband10@vinaora.com,xvsMKBWKFXP0Mjfr6hdh
38,Nobe,Agge,nagge11@xrea.com,bvfALTOEO73848av6hrt
39,Tyne,Formilli,tformilli12@skyrock.com,ignGBESEBS1F8emw9icv
40,Stearne,Rainon,srainon13@phpbb.com,zyyOJECBZA9BTg2t5bcq
41,Symon,Stribbling,sstribbling14@cisco.com,soqMLLV5HZ7FRvkb2txp
42,Rosamond,McWard,rmcward15@fc2.com,ljtAHSDFEJOTPser0zpq
43,Jay,Mangam,jmangam16@gmpg.org,hzgPYBLKNBZ23xxv8ebo
44,Abbie,Folke,afolke17@dyndns.org,rwxXKYFMRMXVLh624wei
45,Cobby,Manzell,cmanzell18@quantcast.com,cveXGJDSOHI4I16s4nrl
46,Kira,McQuirter,kmcquirter19@infoseek.co.jp,pitQWRGCYJ3WSehs8lpg
47,Candide,MacAleese,cmacaleese1a@zdnet.com,iqbRTDS86UWMNggj3uag
48,Dulcea,Talloe,dtalloe1b@chronoengine.com,qzmQYGLPQ5RTJ05x8opz
49,Krishnah,Whild,kwhild1c@chicagotribune.com,rpfEVST52MVWXb1k0aym
50,Kissiah,Robke,krobke1d@eepurl.com,lskDSPRN9DVVE2j66bih
51,Ardine,Jaulmes,ajaulmes1e@berkeley.edu,ycrLPXBZ7XH400zd8stt
52,Hailee,Finlason,hfinlason1f@deliciousdays.com,gqnDYNVNACJQ9aoi0tlm
53,Daile,Stollwerk,dstollwerk1g@guardian.co.uk,wijPMBJQKS5441pk5aqd
54,Frederic,Catherine,fcatherine1h@independent.co.uk,azxTKIHGIKZN9sxw2hro
55,Samaria,Huston,shuston1i@flickr.com,stfEDGV13FSGAu807aym
56,Gwenette,Robroe,grobroe1j@imdb.com,qcrCMDBX92V948k18pyf
57,Sayer,Chomicki,schomicki1k@vk.com,vrxJMDDCC9DIDd7n4brg
58,Itch,Kinde,ikinde1l@sohu.com,uliALLRAC4P1Wtw45nxn
59,Celestine,Diaper,cdiaper1m@parallels.com,rxzKNDT6GFUMUk1i1kxu
60,Regan,Perry,rperry1n@omniture.com,pmnMYDMD7OYIV0e96fdx
61,Jerry,Gresswood,jgresswood1o@oracle.com,dqyMONTORHD82a5j8ubk
62,Gabriela,Deelay,gdeelay1p@desdev.cn,mfiNIWI8T7TFWrvg8wyr
63,Demetri,Topham,dtopham1q@nps.gov,nqwQSGAJS555Ogwf2udq
64,Willetta,Surgener,wsurgener1r@examiner.com,dfqCOMPU3NSHTd4j1pcw
65,Mona,Doni,mdoni1s@desdev.cn,slmPUSMDHNZ74z392xku
66,Hermione,Sarfatti,hsarfatti1t@printfriendly.com,nfkTSPK1N0MRCx023crd
67,Kaia,Thebe,kthebe1u@epa.gov,gopXHFW8BWPF3co67lwo
68,Claudetta,Oxenham,coxenham1v@yolasite.com,wczNIFXQE98L5zxs6bvl
69,Tim,Mount,tmount1w@webmd.com,mvlDRAV9PZRD2qy06maz
70,Novelia,Penburton,npenburton1x@yandex.ru,ktaMVVQXE3IBPw9t1ksm
71,Elysia,Molloy,emolloy1y@spotify.com,pofPMOVBUMA0Wbt53nhs
72,Catherin,Ciccetti,cciccetti1z@usa.gov,tytMKMCEHGMIMpyd1bck
73,Milton,Marryatt,mmarryatt20@washington.edu,nctXQSU3J08HS72k0bxi
74,Davida,Bowen,dbowen21@virginia.edu,vanTZGC3D37HDp0d3wkl
75,Kaila,Romi,kromi22@gmpg.org,tyyREJOXBBIFNn6c8isa
76,Aluin,Rysdale,arysdale23@twitter.com,rfuTMVH33FSV9aal6xxs
77,Mariette,Dalliwatr,mdalliwatr24@cnet.com,exsWYJV4RFFLRip99inx
78,Hunter,Tomaello,htomaello25@i2i.jp,fhxNBRCRP94938ej2sct
79,Wynne,Raspin,wraspin26@cnbc.com,kauWATGQPI2NF5982yun
80,Gianni,Callear,gcallear27@fastcompany.com,lwyGYQJ6O29CO7625esa
81,Sheffield,Colgrave,scolgrave28@bloglines.com,qtnNXUNRASYF5x4t7kmc
82,Ludwig,Lossman,llossman29@uiuc.edu,qhqJPFEH8MUIMwby0awr
83,Ira,Temlett,itemlett2a@flickr.com,tyhKFIDKCKVOLj8d2seb
84,Norri,Merwede,nmerwede2b@barnesandnoble.com,frtKPLPK8VSATwo47urw
85,Angel,Eringey,aeringey2c@privacy.gov.au,coqRLOZ6DX36O9ue2tdm
86,Tessy,Dedney,tdedney2d@cisco.com,gtpGDNW393D9293c5plc
87,Amandy,Priditt,apriditt2e@ibm.com,bcjOOQKJO3LO05yx3jqu
88,Gail,Gilpin,ggilpin2f@so-net.ne.jp,juuIQLI7KA4I5x3i4zbj
89,Aldin,Jakubski,ajakubski2g@google.com.hk,fewKPVOKBC9182i08msd
90,Lefty,Yell,lyell2h@bigcartel.com,xpwGJQZD0DRBLlpn9kop
91,Estell,Eilhart,eeilhart2i@dot.gov,oxrWJIC8B4B98cq37zjq
92,Lani,Parramore,lparramore2j@infoseek.co.jp,bhmVWHE4V6T0Olcl4emt
93,Cammy,Reame,creame2k@usgs.gov,yciFVWT9SRZ51rxt3ttk
94,Amber,Butterfield,abutterfield2l@webmd.com,qyvSROEROEX7Ob696mlu
95,Angy,Conti,aconti2m@istockphoto.com,eteGFKR5CR516m5l0ild
96,Blythe,Pehrsson,bpehrsson2n@geocities.com,assPKMYKVAVR23di7xod
97,Paola,Becket,pbecket2o@businessweek.com,uwhXGJPBY6PVCgj96ioi
98,Domini,Macrow,dmacrow2p@globo.com,fclTZCWOFA16Blm31quz
99,Barbi,Keemer,bkeemer2q@tripod.com,belCNAZX2O3XLjdz3foa
100,Geno,Weed,gweed2r@people.com.cn,ibiLYEK83U31Fonu9xtq
101,Alyson,Conradsen,aconradsen2s@godaddy.com,zjwAXJWU33YFT32j7yuc
102,Reeva,Truss,rtruss2t@cisco.com,akpBKGMBGVDH1o503wqa
103,Bernadina,Ateridge,bateridge2u@yahoo.com,adoLUVBNMBW7I7xb0krb
104,Dan,Vanyushkin,dvanyushkin2v@intel.com,hdjLYMSILQW1U87u9yjc
105,Miguela,Millett,mmillett2w@qq.com,ewuOWKUVMZYPKand2jga
106,Vinny,Valett,vvalett2x@alexa.com,iriMJKDHLIE6C81h7paj
107,Alyson,Sieur,asieur2y@scribd.com,boaIEHSTDLYHHtxo8qjz
108,Clo,Olenchenko,colenchenko2z@sitemeter.com,cmrYIYZRTD2QLcj72ect
109,Ashlin,Kubin,akubin30@woothemes.com,ghgDDUA9AB0YGf431msu
110,Megan,Stillwell,mstillwell31@51.la,locCYOYEDSH3I5zy9dxp
111,Cleopatra,Gomme,cgomme32@google.com.hk,wjeWNATYDM2YYypy1eum
112,Kamilah,MacGorrie,kmacgorrie33@imgur.com,ocxTJFEFS8TAI2d29dcj
113,Genna,Sketchley,gsketchley34@studiopress.com,pjhMEMW6YFP97ljc3iho
114,Clayborne,Bogart,cbogart35@sogou.com,ypaXHLABV4CEQthb8iir
115,Micheil,Paulack,mpaulack36@godaddy.com,yefGDYGGQO5FA5bi9hdc
116,Nanon,Wolfindale,nwolfindale37@sohu.com,qvrENVY89LL0Ba1p9jzx
117,Pet,Lunt,plunt38@vinaora.com,dvwEYJAHPQIJXy3u4avu
118,Remus,Early,rearly39@bloglovin.com,ecoRFZHGNFEZD3kv8oet
119,Christian,Grabbam,cgrabbam3a@tripod.com,fnyHKXA0N32QNm5y3cjj
120,Ernestus,Impey,eimpey3b@census.gov,jfqIVUNCPM9G1mdi3uti
121,Dunstan,Posnette,dposnette3c@tinypic.com,rumWGNI8R03GWdw42ghm
122,Darius,Ellgood,dellgood3d@exblog.jp,nwcFGCH3FYB05kpp4uyt
123,Paul,Adger,padger3e@wordpress.org,ryqIHYAZCGQIOw8m8mxg
124,Scott,Edgars,sedgars3f@360.cn,ccqZFIO8L80XEnc95don
125,Ameline,Pennells,apennells3g@ucsd.edu,tjsJTUUNN5OG6jzr8ama
126,Joyce,Pears,jpears3h@mozilla.com,brwYOQXSA8J858l04piu
127,Rena,Verdy,rverdy3i@noaa.gov,gbrLSVE2M2ACUh1y4ndx
128,Cherri,Izhaky,cizhaky3j@godaddy.com,yxoIMBLAG002I6zh1jaq
129,Remington,Danniel,rdanniel3k@surveymonkey.com,vxgTGAUA848PY3829yqo
130,Anallise,Snaddon,asnaddon3l@tripadvisor.com,ownTEMYGHQ212o9l1vwn
131,Timotheus,Ripping,tripping3m@multiply.com,fpqVVPPLSLOIY9ps5ene
132,Germaine,Knapper,gknapper3n@ca.gov,xvwZWZDNQXHBQ6op2fsg
133,Lloyd,Pegg,lpegg3o@mlb.com,icyCPPJ4TQ75Bsoo8xia
134,Earvin,Fergusson,efergusson3p@mozilla.com,nokGONDB9F3FHncf6edo
135,Osbourn,Whybray,owhybray3q@jimdo.com,fwfLKWNXEXOQY4f99rik
136,Genevra,Kubiak,gkubiak3r@irs.gov,qmpEIPO1OS86Zz653zfx
137,Odelle,Bushill,obushill3s@ebay.com,jftGKUN4H3G33idd9wus
138,Ryann,Beauman,rbeauman3t@nps.gov,shmXCWWHTEMY0wah8ndn
139,Jacqui,Davydoch,jdavydoch3u@sogou.com,rvuSDTU18S99140d3kmc
140,Scotty,Pelham,spelham3v@people.com.cn,ajfRNOJYLWJVSkvj5jeo
141,Stafani,Larman,slarman3w@google.co.jp,wnxUJPJ0PG35P6j61vfo
142,Sunshine,Duffield,sduffield3x@jiathis.com,asgLCBIS1D97Ai4j3oob
143,Mandi,Poznan,mpoznan3y@meetup.com,qxkGOFOZV9JUSdqp8zuk
144,Hinze,Adamides,hadamides3z@ed.gov,eryAKKEL370LKm2t8fly
145,Marquita,Dunn,mdunn40@topsy.com,zthJDQEPZOCMJhlm2jwg
146,Percy,Aleksandrov,paleksandrov41@ask.com,pzaHESZKFP0VQqb61jcd
147,Henrie,Britton,hbritton42@oaic.gov.au,sayVDDGVRK5DY2tz6acg
148,Agustin,Lax,alax43@hhs.gov,xghSIITU516Z66bo5doe
149,Matthieu,Brou,mbrou44@youtu.be,ipxRVCVRJHP6Eikl4nnd
150,Ashely,Lindenman,alindenman45@myspace.com,tkgEIXO3O4FNFls06mkv
151,Judah,Kinnar,jkinnar46@edublogs.org,ftlTLVGKGKNB1nsy6gmu
152,Godfry,Berston,gberston47@yale.edu,kbwDPJGFFG44Xwdu7exr
153,Wang,Somner,wsomner48@senate.gov,fkvLVGDV09UD5uv42ozm
154,Georgie,Wanless,gwanless49@youtu.be,kjxTJCIY8QJSGmqs1wdb
155,Betsy,Curlis,bcurlis4a@joomla.org,uevNPFM8MZ71Ren56pwe
156,Neron,Streat,nstreat4b@merriam-webster.com,tjwQNUU5DCA0Q7rp0otq
157,Forester,Summerton,fsummerton4c@wufoo.com,rgyPNXEVLH7Q939x8hhw
158,Corry,Wheelband,cwheelband4d@un.org,shdPPMR2WC3DAat49voc
159,Lyndsie,Reasce,lreasce4e@hostgator.com,qxpANHF67O92883k3bmq
160,Tabb,Okenfold,tokenfold4f@cornell.edu,xjsKMZZWM02KPy5n3vgd
161,Denyse,Thirkettle,dthirkettle4g@cyberchimps.com,scfDXGRK95PKKnw47jzs
162,Ilise,Finessy,ifinessy4h@stanford.edu,ukhGFVM273QZY7sq5yjl
163,Bordie,Ivel,bivel4i@xrea.com,nwkHNIORHR6ZSqwb9wiv
164,Yoshi,Cowoppe,ycowoppe4j@pcworld.com,tuaVJUL8UO0HNv473rqu
165,Mauricio,Coggin,mcoggin4k@google.de,wfiUPYI1GCPZ0y413pdv
166,Wells,Suller,wsuller4l@time.com,xudUHKAI4AJN8lvd7igd
167,Jodee,Cruikshanks,jcruikshanks4m@nhs.uk,cpjOEHHO4HH6463q7icl
168,Chastity,Jellis,cjellis4n@hexun.com,noxBFBS9JBL8Raze9cbt
169,Cathyleen,Smallpeice,csmallpeice4o@e-recht24.de,cpjFVSS0QBTD5kzc4paz
170,Juliette,Aylen,jaylen4p@timesonline.co.uk,hleHHFE44IAIHxko1qdf
171,Nessa,Boxhall,nboxhall4q@paypal.com,umwRVUTFT8A5R9bn4xak
172,Phillip,Reoch,preoch4r@diigo.com,prvQXJH3LS59G8gu4klo
173,Mame,Lohrensen,mlohrensen4s@army.mil,zbyWIFHVAV7ZGz0j3ouw
174,Haskell,Ikringill,hikringill4t@rakuten.co.jp,rmxZDTLHNHUBQ9ll1sjt
175,Beitris,Sabathier,bsabathier4u@google.ru,zekNDDTMWA6AMmvi4koc
176,Sidnee,Mussilli,smussilli4v@chron.com,nvwHOWRMY43NG9vw2ama
177,Odilia,Gorries,ogorries4w@spiegel.de,eulEBBO0A9CK1a244cqd
178,Godard,Hoodless,ghoodless4x@dyndns.org,atrQCJRFYJUG8tm11fmu
179,Carolin,Earney,cearney4y@cnbc.com,yjoCUWH31BNN7vdh9ogi
180,Cullan,Syder,csyder4z@storify.com,fcsXSPGHQXH2Sehg0mdr
181,Walther,Farbrace,wfarbrace50@about.me,wbsJLEM2BEE1Cd8o4rwy
182,Kimmy,Twiggins,ktwiggins51@uol.com.br,ejkXWFSWOGI3Icow0iri
183,Olva,Woodard,owoodard52@uiuc.edu,ehpFIBZW0452Ooxy8oiy
184,Belita,Sibthorpe,bsibthorpe53@mail.ru,hfpDRTSFAXWFT0se6kps
185,Meggie,Brandreth,mbrandreth54@de.vu,wmqXUCUH6XV9I4yt8zfc
186,Emeline,Sauniere,esauniere55@illinois.edu,fhqBORQDA7TG8itp2lrj
187,Felicio,Ingold,fingold56@cdbaby.com,rljFETJDPZGDAwj23hxn
188,Sharai,Hallagan,shallagan57@nbcnews.com,prwHBAPELC0HNyxp7gkb
189,Randa,Wagg,rwagg58@opera.com,aosPVNCOO96GGegv1vut
190,Ruben,Lennon,rlennon59@comsenz.com,sdeWKAGQWYCWHuil6hnu
191,Anna-diane,Qualtro,aqualtro5a@weebly.com,xdtGFNJ7C74JCwd54pgq
192,Minni,Becarra,mbecarra5b@bloglovin.com,bnxKDQPNPYWLWp276vlv
193,Sigismundo,Grover,sgrover5c@nifty.com,sfwZHMJZ5JV8U9wb7hdr
194,Giacinta,Botly,gbotly5d@disqus.com,ytaUIFV2WNO83yao3ydv
195,Almeda,Fidgin,afidgin5e@parallels.com,nxzYICPPRK6TKo523lqt
196,Riccardo,McKevany,rmckevany5f@hostgator.com,ilfYFJD996GRAp9g9rgq
197,Casandra,Du Plantier,cduplantier5g@merriam-webster.com,gkfJMKD95KV6Ikvd8cof
198,Gleda,Elner,gelner5h@g.co,rwgYNMC3FQOJBl373rck
199,Ikey,Treweek,itreweek5i@prnewswire.com,xsrCVQRO9KW3Yx048zcx
200,Emmy,Fray,efray5j@arstechnica.com,zbiDWJFYFE412ely8dyt
201,Gilbertina,Feathers,gfeathers5k@squarespace.com,ocvFDVLL666322849ejm
202,Melamie,Camellini,mcamellini5l@redcross.org,ptkSIEEZ1M5UN4ax2apn
203,Cooper,Dentith,cdentith5m@theglobeandmail.com,xtkXGSSKFR4N94in3nza
204,Rudd,Thain,rthain5n@a8.net,szkJOXEVWU2R4ofg3aow
205,Dorey,Iacomelli,diacomelli5o@bloglovin.com,hhhMKPT9QIY6Sjbr0ybc
206,Ahmad,Morse,amorse5p@sohu.com,rbbXNLSW6UIWJ9673bqx
207,Miquela,Waddicor,mwaddicor5q@twitter.com,omePFDNEG4CBQqu71qpi
208,Pancho,Primmer,pprimmer5r@hatena.ne.jp,gopXYHCQJ59XUsjq2fpx
209,Lynda,Idale,lidale5s@wunderground.com,sgwODJV44ACZTp205svm
210,Julie,Pobjay,jpobjay5t@home.pl,bteCELBSNO1TIrj92cgz
211,Nelli,Tutsell,ntutsell5u@newyorker.com,fcpVJZDYWL6NNue04gvt
212,Robbin,Zoppo,rzoppo5v@dion.ne.jp,pfwEGXUV37Z5Xuyu2bff
213,Dwight,Jagoe,djagoe5w@paypal.com,povNNCWVU39WG80y2huj
214,Adair,Cran,acran5x@senate.gov,iqtGNOQURW35Vj619bpt
215,Bertina,Scimoni,bscimoni5y@ameblo.jp,rfjLSHRHBLBIIy3t4jme
216,Armstrong,Quade,aquade5z@nytimes.com,npjZLBLMYSYFQijd6isc
217,Andris,Peare,apeare60@ning.com,nuyISSUYRBHPXecm6wyw
218,Katine,Gerrets,kgerrets61@storify.com,hidEMEHSS1CW6e9p1bly
219,Ambrose,Morsey,amorsey62@ted.com,fkkXAOY6VOFRY1dk1ifn
220,Hermy,Meriton,hmeriton63@buzzfeed.com,djmDBQLS4SRNLab64isk
221,Lowrance,Klausen,lklausen64@hubpages.com,aegWIAA0BFQ1Qp3b4xyn
222,Kipp,Danter,kdanter65@webmd.com,wybTQWMBO1LRL99i0dcv
223,Neddy,Jellman,njellman66@altervista.org,fnfUFOWCXNGA26ff1qzp
224,Allistir,Kasbye,akasbye67@globo.com,pxlQTHCSSYJOZt299rgk
225,Pru,Quilleash,pquilleash68@loc.gov,yfdIJBSUHM30J6dt8gjt
226,Jaimie,Hollidge,jhollidge69@comsenz.com,ktiPCOXCGM6B9wb95ovp
227,Ami,Sherebrook,asherebrook6a@bloglovin.com,yerSOBOZNLW4Bw4j5jao
228,Austen,Kaygill,akaygill6b@people.com.cn,vawMPPOW62THB87c2psy
229,Marlin,Audry,maudry6c@mapy.cz,fobGKWOIXBTW7iju9ezk
230,Gerek,Simmonett,gsimmonett6d@php.net,swoRWQXZ82J4Tjo61jjs
231,Andrew,Rudgard,arudgard6e@java.com,rciDWYNS9WP1P6g35oue
232,Drake,Ewdale,dewdale6f@dagondesign.com,ukaMRORETHD14drg4tyg
233,Benoite,Burgiss,bburgiss6g@weather.com,zazSASC34709Zhfr6ukt
234,Pen,Wilbraham,pwilbraham6h@sbwire.com,aiwLQVPF4A0N0mx83hdl
235,Gradeigh,Packman,gpackman6i@alibaba.com,mjhAFBC1TGXWYn775sqh
236,Aili,Dugood,adugood6j@360.cn,jqpPRYQ13TAP9z9d7cyq
237,Gunner,Rosingdall,grosingdall6k@mlb.com,zrhZOFSE2N1XXk4s5eae
238,Tammara,Ledson,tledson6l@bbb.org,ikwPAUUKE1OYUiqa9yav
239,Elyssa,Southway,esouthway6m@eventbrite.com,gjxUDIR3Z9IOMa9j4cjj
240,Gaston,Wilce,gwilce6n@hexun.com,pwuNHTFYV7K4Tna28qcu
241,Glynda,Crysell,gcrysell6o@360.cn,hadWODU26SVTE9r43dww
242,Cornela,Newborn,cnewborn6p@chron.com,slrAZPL4SUK20s971wyh
243,Raphael,Saich,rsaich6q@seesaa.net,fmeLJJEQKV8NLz334lmf
244,Juli,Loggie,jloggie6r@fc2.com,lnbSVHYXAJ4PIunn5edg
245,Regine,Challener,rchallener6s@nih.gov,seeEDOYI5BP6Da1m0fzo
246,Madelin,Cavey,mcavey6t@ftc.gov,jrdMAVPCVKJC7fof8dzg
247,Frances,Ravenhills,fravenhills6u@cam.ac.uk,jvqWLZG1ZI5JKtx81lix
248,Jarrett,Duckit,jduckit6v@stumbleupon.com,mvsRNKPU8YLNW0no2eah
249,Chelsey,Rosterne,crosterne6w@chicagotribune.com,qgiQMKAPAOO7521u4uzk
250,Adriena,Fittes,afittes6x@cmu.edu,dlbJIIDBH1TPPz978nqi
251,Courtnay,Izzard,cizzard6y@google.nl,vefYFTKLRG7LYwy52thp
252,Alyosha,Mathewes,amathewes6z@mit.edu,aetNZUI3NCC27bwg7ytv
253,Natka,Dietsche,ndietsche70@soup.io,ermLYWCHNOU0U7oj5etg
254,Tiffany,Legier,tlegier71@businessweek.com,bndGUGBTFMORH7la3pbd
255,Matty,Ells,mells72@bbb.org,rnaYWNEDI89ZXte85jly
256,Mordy,Powney,mpowney73@rakuten.co.jp,aclSYQKPV9219t0v7tqp
257,Fields,Baughn,fbaughn74@free.fr,ntkVSNC4MYRAA4cg2vto
258,Rossy,Weems,rweems75@so-net.ne.jp,qpkGIBREHH4Q5r7j5sxt
259,Tabbatha,Bennellick,tbennellick76@omniture.com,atqKOYZUEYFM1wzv0ftw
260,Caritta,Rubin,crubin77@who.int,oxqHDAX64XDLBkfc0chq
261,Sigismond,Askin,saskin78@timesonline.co.uk,psyRYMAWKIV4Yskj6qtp
262,Jemie,Greger,jgreger79@webnode.com,merCEDPPV0HXY9fe8pru
263,Alexis,Bhatia,abhatia7a@github.com,iyyFHQXQVO8VRhgp5qxb
264,Arron,Gorusso,agorusso7b@nps.gov,dcmPWTN6L1F9J8al7rkh
265,Morly,Dunnett,mdunnett7c@imdb.com,tkkUBGTAPT3W15k79ehf
266,Rogers,Buttel,rbuttel7d@so-net.ne.jp,ibtMOKGEX1ZM0z053efb
267,Stepha,Carden,scarden7e@dot.gov,quyNPDV5RPCQL9wh1afa
268,Nat,Arnholtz,narnholtz7f@rediff.com,qgpGDUJCARQES2v21msz
269,Karlotta,Houltham,khoultham7g@fema.gov,emmCMAKYLXNZ3css9nco
270,Blanca,Fulger,bfulger7h@amazon.co.jp,ngsVQIZIEMLP6c779pus
271,Morna,Hamor,mhamor7i@163.com,bhgGMJCD7L9QT9cy8utb
272,Karylin,Bratley,kbratley7j@drupal.org,vlcUOOCY64BVQx387twc
273,Lorna,McAlpine,lmcalpine7k@alibaba.com,hknBDMD1FBG4Xkhs1xaf
274,Magdalena,Gilbard,mgilbard7l@woothemes.com,iruXFSLJJPK4N4hu7ujt
275,Killy,Rummery,krummery7m@nasa.gov,wbbRUOV4LQOUSrgq7wmg
276,Blanca,Gallaher,bgallaher7n@miitbeian.gov.cn,oikAXJE6HZYN4l2p2eyf
277,Herbert,Jaime,hjaime7o@hexun.com,omeSEVM3BRCXG6762jqi
278,Selene,Doring,sdoring7p@army.mil,tzlDMDFP4VWALh718nza
279,Olympie,Topper,otopper7q@senate.gov,rpzQYHC5N7SM6lnl5qzf
280,Berkly,Stockall,bstockall7r@virginia.edu,tjnQPXB55NF3C16a1whz
281,Ogden,Barbour,obarbour7s@chron.com,txzQSWP356B7G1x72ola
282,Seward,Olyfant,solyfant7t@abc.net.au,htnTBIZKZHWNWkk03hkw
283,Georgie,Mongenot,gmongenot7u@scientificamerican.com,nrrUYIBN5D6E8esm3dxz
284,Laurent,Jotham,ljotham7v@nba.com,aghFVWM20IWEJehu5dzh
285,Edwin,Zoane,ezoane7w@seesaa.net,cdeGHAN6CU61Xoed8msd
286,Kristina,Rolley,krolley7x@hugedomains.com,cujBCLHFK96DIm7m1ipd
287,Theressa,Gosneye,tgosneye7y@usda.gov,zsaCNLWN17BIBm0d5tmw
288,Renato,Bruton,rbruton7z@dot.gov,jzlBKER7PRMW8py95jkl
289,Hershel,Jankovsky,hjankovsky80@salon.com,tvyNRMWJJ84RMksz7ark
290,Dulciana,Giuron,dgiuron81@infoseek.co.jp,ehpPFTXMOVY8Cap49mdq
291,Bella,Olivari,bolivari82@clickbank.net,agdIQKD9A42J7xl91aqi
292,Leoine,Daniel,ldaniel83@ocn.ne.jp,yxjWJLU96RU9M15n8tan
293,Matthew,Counihan,mcounihan84@slate.com,uvzHWVTJ4EWT40330vlr
294,Chrissy,Skerme,cskerme85@marketwatch.com,ljyMDWVPBII3Jcog5yba
295,Ambur,Veall,aveall86@hexun.com,fzaYYYZ998ETWy7o3hlm
296,Kari,Pridding,kpridding87@i2i.jp,vanIRAHNG86VEtlv8ccq
297,Natka,Kaesmakers,nkaesmakers88@hexun.com,nerXQDLLVIVPNe2o4wxa
298,Kenna,Pavey,kpavey89@plala.or.jp,pypDUON9ZBD1U6r64uqe
299,Luigi,Goldstone,lgoldstone8a@4shared.com,dbdTOAKLJEXAS40d6vzy
300,Auria,Aubury,aaubury8b@squidoo.com,szhBFWG12LRVNed81oaa
301,Mariam,Jurewicz,mjurewicz8c@bbb.org,wjwNXYZGAB5DGfc01feu
302,Octavius,Furmenger,ofurmenger8d@clickbank.net,cqlNFWKLCXAYYsq50oso
303,Lusa,Dyball,ldyball8e@shutterfly.com,mxnYLET9CEL2Seh68wif
304,Baxie,Mantz,bmantz8f@techcrunch.com,jnkAYWZRGD9GDj497xty
305,Washington,Glastonbury,wglastonbury8g@arizona.edu,bkyPMQIFO5R67ix36hey
306,Nefen,Camamile,ncamamile8h@dion.ne.jp,rnlPJJC0RCISRwn98wae
307,Trey,Le Marchant,tlemarchant8i@berkeley.edu,tmxFBWL9MMLHD0bn9wsa
308,Hollis,Ewins,hewins8j@google.pl,tkaJWZW10VKY3y830hzh
309,Ollie,Gomby,ogomby8k@cyberchimps.com,ietBMEB5WFI8A32b5ktv
310,Arlee,Sponder,asponder8l@microsoft.com,fibYMVHZR8WSQ51a1xqh
311,Gusta,Kops,gkops8m@usatoday.com,tbsIPAQMWIKSA0ls3hlm
312,Leonerd,Tumasian,ltumasian8n@nifty.com,nawXKTA4BA6O8qwb5fht
313,Winfred,Trinbey,wtrinbey8o@1688.com,evoYPYA674FEWxm32pux
314,Antoine,Mourge,amourge8p@thetimes.co.uk,ediYJUIOS6A6F5hb7rjw
315,Ellary,Barden,ebarden8q@apple.com,jdiCHQXMKJYYSl6p2ahi
316,Ottilie,Hassan,ohassan8r@soup.io,moxDBTXHASMHUqt32sxs
317,Giffy,Serjent,gserjent8s@zdnet.com,ubbHIGWP6Y89Cqv17fna
318,Clement,Ailmer,cailmer8t@sbwire.com,rxtOJJJE6KCP82up5wxv
319,Iosep,Emmanuel,iemmanuel8u@statcounter.com,pfeLLOV021HZFuf62hwr
320,Marlo,Veale,mveale8v@nytimes.com,qhnXGYAJ0D0AXbmm3rga
321,Ky,Curdell,kcurdell8w@virginia.edu,meuOUAFHNPHZKt795cal
322,Katrina,Fendt,kfendt8x@odnoklassniki.ru,eqjABYX2NYFPV86s4lda
323,Jaymie,Catonne,jcatonne8y@symantec.com,rfsADJAKI3HKCo8b4xkn
324,Averell,Kincla,akincla8z@vk.com,azoYDVOISGCLWs5v7uoh
325,Bernadette,Poleye,bpoleye90@odnoklassniki.ru,ilrWFKNW2VCU87pg6mlh
326,Nap,Lambirth,nlambirth91@nyu.edu,pfjJCNX9EE4YC9sb6ynr
327,Joel,Plesing,jplesing92@prlog.org,jnzANFFKIT318ufn7jmv
328,Rickie,Messum,rmessum93@linkedin.com,gayPXIGGVIEISp1r6lll
329,Ruthie,Garz,rgarz94@arstechnica.com,dzqSWGJJW2F0Mnw39gfa
330,Monroe,Desseine,mdesseine95@omniture.com,pouHWHFJPL4ENqzz2gkm
331,Ondrea,Marczyk,omarczyk96@nasa.gov,kysGJVUL3O86Jm1f6dmz
332,Sheffield,Levay,slevay97@gnu.org,mcfGCFKH6BLDMa3w9guq
333,Tova,Iwanicki,tiwanicki98@ted.com,aqkRLWVAWCCM23o64qsj
334,Tyson,Antal,tantal99@yandex.ru,sxjGHWFYU5YH3pay7gjj
335,Garnet,Smalles,gsmalles9a@ibm.com,wmqSFTF35N16Yozm0xdy
336,Conny,Bellhanger,cbellhanger9b@canalblog.com,gqvFORIVSC7YF5b48puu
337,Eveline,Philbin,ephilbin9c@4shared.com,bfwNSXRJESQES2990blc
338,Zane,Trobe,ztrobe9d@utexas.edu,bwiZULW6R3R7Ucan4pou
339,Alleyn,Enright,aenright9e@msu.edu,rtfZWAQXZXZLVb538lmq
340,Austine,Scottrell,ascottrell9f@theglobeandmail.com,lpeQXEY95GS2Rqj66num
341,Julianne,Ambresin,jambresin9g@samsung.com,oldUOJOHU33GWx1y4dmx
342,Prudence,Bertie,pbertie9h@omniture.com,qcrGYTLYD0EP05a20wne
343,Eduard,Westmarland,ewestmarland9i@t.co,douPWEDOOQCIL2jx8lna
344,Neron,Zorzin,nzorzin9j@netvibes.com,axfVQKGQAJW6Gfzl2qek
345,Thatch,Fowlie,tfowlie9k@wsj.com,hxcBPHIX6MAHO74l6lkj
346,Rahel,Carne,rcarne9l@free.fr,rawKYYZ29P71Khep0cas
347,Carmon,McTerlagh,cmcterlagh9m@homestead.com,pwnRTGFQ1SBFWxl88pot
348,Noella,Feetham,nfeetham9n@alibaba.com,mobEHYI9A29EUu7u7ouz
349,Adrienne,Hulmes,ahulmes9o@globo.com,xflFUUXEG95XW5pr8rul
350,Keven,Petford,kpetford9p@networksolutions.com,tisAZFKNSELDE0602ayj
351,Nap,Dibling,ndibling9q@weebly.com,uvkHHIMNL9EM17k92zwy
352,Robinetta,Crothers,rcrothers9r@surveymonkey.com,kieLUFUWFV7R1vn36dyr
353,Laverne,Fairlamb,lfairlamb9s@pcworld.com,alhKREUNK1Y781c32zvx
354,Nicoli,Jerrans,njerrans9t@freewebs.com,henVTFWQJ3QQDyg22snv
355,Liana,Leeke,lleeke9u@patch.com,rtzBSIKT3SB2Uwtv6veb
356,Gian,Dikelin,gdikelin9v@reuters.com,vvrNLKCJEDFH9abp8bvy
357,Lexis,Damato,ldamato9w@patch.com,hneSRMHTQUXAQlia0yjb
358,Vickie,Fyers,vfyers9x@woothemes.com,mwfGTZZLPR3VZdnn4arx
359,Suzanne,Swalteridge,sswalteridge9y@istockphoto.com,bmdRBQDYYZ05Ymys4mek
360,Irena,Wilshire,iwilshire9z@wunderground.com,pgpUQGAU6EIMRff95onr
361,Audi,Spraggs,aspraggsa0@businessweek.com,mnwJHMYS8NOL46sg9mlu
362,Artus,Krollmann,akrollmanna1@soundcloud.com,sbyPOQQSS63X9cm76wgf
363,Audrie,Domengue,adomenguea2@a8.net,nsxYKHBVZXASJxl15lka
364,Lynsey,Franceschielli,lfranceschiellia3@ifeng.com,didRSOVH8L3RVv6b2nuf
365,Amata,Petronis,apetronisa4@disqus.com,ytqZGTYHE3D6Lkti9svp
366,Martyn,Steele,msteelea5@macromedia.com,fclFBVCTSC06Htgs6fad
367,Audi,Fuxman,afuxmana6@salon.com,nkjBZNKY2T8QMpfg2pcj
368,Manuel,Hubatsch,mhubatscha7@flickr.com,iabGJAIOO5H5U4g10ihp
369,Florinda,McArthur,fmcarthura8@microsoft.com,iaiQBZLPM0IQThvu3ytr
370,Wilden,Bandey,wbandeya9@about.com,yxiDBJCF017HO5ht9hkh
371,Neall,Villalta,nvillaltaaa@sciencedaily.com,tbxQOMTSRHD39my68obv
372,Jeff,Emloch,jemlochab@boston.com,nfsWFCW8CKFEFnco0mgf
373,Jobey,Jerschke,jjerschkeac@squidoo.com,onoEBXDBZZM327eg4ioq
374,Lydia,Clyde,lclydead@gravatar.com,kfpMRERJLNPQZ6fc6jjg
375,Masha,Venton,mventonae@answers.com,ukzVKRSHVTZ9K8991dxc
376,Tiena,Booler,tbooleraf@flavors.me,wiiCLSKACONCXv7w1vbr
377,Bertram,Dudin,bdudinag@apache.org,kpvVCHX2ENRFJlr54khq
378,Rozanna,Sara,rsaraah@edublogs.org,ondUQELIMMV0Ebrt6ytb
379,Allen,Burry,aburryai@nhs.uk,tdmUIMFB1RC7Ax2d6tgn
380,Hendrick,Curley,hcurleyaj@sciencedirect.com,npqUIRYJ845PCzlu4epy
381,Shana,MacKeller,smackellerak@ucsd.edu,zdfYCVOZI735Nx8d9qnp
382,Essy,Dyke,edykeal@nymag.com,aujQMUSLE5928t9l1mkc
383,Herc,Bandt,hbandtam@newyorker.com,tyrCIAY1T37VYlec6dxb
384,Arvie,Brittlebank,abrittlebankan@dyndns.org,epkEPUVZ22ZAE77r9lrz
385,Ariel,Turn,aturnao@oakley.com,mwpOCXUTF6CZA90l3yru
386,Cherish,Lumsden,clumsdenap@instagram.com,ljhGTRYB3TC1G7611zhn
387,Roland,Corriea,rcorrieaaq@amazon.co.uk,honUHWCK0SE6Hcf29dqt
388,Jdavie,Darrow,jdarrowar@msu.edu,izhHHXMMBITSHwuo7jwc
389,Griswold,Shaefer,gshaeferas@pbs.org,whvBQKQSHLV4L0bd0obd
390,Oona,Dever,odeverat@purevolume.com,przLFMNX5OT9Sicq5ixe
391,Cross,Kiffe,ckiffeau@mozilla.com,jkvHRXQ4296BTwkm6lxg
392,Ardath,Bovingdon,abovingdonav@infoseek.co.jp,cfzPWWCBKLVRRdek2omz
393,Kirk,Willgoss,kwillgossaw@auda.org.au,jiwRQRVA2GUOYdcz3pmm
394,Jsandye,Hearn,jhearnax@amazonaws.com,yqwOFFWOYVAP79e83vdr
395,Filberte,Goudy,fgoudyay@prnewswire.com,jgdTUHHM5XOX499y8cma
396,Lindon,Morena,lmorenaaz@vistaprint.com,wonJTJEQGYYH0q6f7jee
397,Arly,Leckenby,aleckenbyb0@ed.gov,utlTKSTXUF2GTit41nzw
398,Margarita,Binnell,mbinnellb1@ovh.net,unnRGENCFPU588ss8wln
399,Clemmy,Wilsone,cwilsoneb2@state.tx.us,mumITLV8U5UBMz8x9iwv
400,Lenette,Asch,laschb3@printfriendly.com,legMWHIEND55Fu066hdc
401,Terence,Chezier,tchezierb4@salon.com,ldrMAQF0ZVIH0fuk3lzr
402,Luisa,Kilmister,lkilmisterb5@oracle.com,xwdPGGXVALSORvot6hph
403,Stella,Bindin,sbindinb6@admin.ch,vczEXPEF3CSHTtkc1uey
404,Umberto,Tolputt,utolputtb7@hatena.ne.jp,kztKCTLDXXACVxgk6rnp
405,Bellanca,Flanagan,bflanaganb8@addtoany.com,axvYXEBUCSD4X35j2mux
406,Noah,McNea,nmcneab9@admin.ch,ahjNJGKBVLWA1svx8dzb
407,Sharity,Bugler,sbuglerba@usnews.com,sndOOXKT3F7U16xs5bcq
408,Shay,Maunsell,smaunsellbb@zimbio.com,mliDKHBAZ2KQEbpv6grr
409,Marlane,Cavilla,mcavillabc@myspace.com,cczXAHF852RVQoht1blf
410,Lauren,Rozzell,lrozzellbd@yolasite.com,hbtWPAA0QC4VR6xg3quv
411,Bealle,Bennis,bbennisbe@angelfire.com,jfwIDMF4MN9ADbpt9veu
412,Karrah,Trevascus,ktrevascusbf@usa.gov,oprGEABITYULQfsx4jou
413,Carmelina,Monckton,cmoncktonbg@mtv.com,pofNSUJLM6JHDvm29dsj
414,Harmon,Oakley,hoakleybh@nhs.uk,agzTBCLGBZA0Bamu2kum
415,Giuseppe,Reggiani,greggianibi@yellowpages.com,smrKTSR0C0X40ufy9tvd
416,Daven,Golds,dgoldsbj@is.gd,rfnDGWAPT4R3F37r0ycv
417,Tabby,Smoth,tsmothbk@mac.com,hpiPUPC7HVNGCyxa0vag
418,Nero,Rooper,nrooperbl@imgur.com,gpoCJBLZHTNY9yhd9wlm
419,Anders,Pittet,apittetbm@mac.com,szjFTYN8OY0RRe7s5law
420,Vergil,Amott,vamottbn@ox.ac.uk,krlOMJF660RM0m0z1owf
421,Ava,Nacey,anaceybo@webs.com,huzCDMXAT8MRPxzc5wjc
422,Caria,Neissen,cneissenbp@macromedia.com,iitAFGYMQDDSB0x03joc
423,Celesta,Carnalan,ccarnalanbq@sun.com,cdgTPDKFWSIYGun98usx
424,Genovera,Pacher,gpacherbr@ezinearticles.com,sjaDYNISRRM0Xzvt2afn
425,Kelsey,Blesing,kblesingbs@engadget.com,qnjMXBNQQM9G7z3t1brq
426,Ilene,Kener,ikenerbt@gov.uk,xlqBFDS0XZDSPu447rgb
427,Caz,Farnes,cfarnesbu@alibaba.com,lndYLVVFMGWRG5db4fnm
428,Godfry,Farquhar,gfarquharbv@netscape.com,ohsUUBJXBAGE7qz44ztc
429,Scotty,McDonnell,smcdonnellbw@yahoo.com,gpaPKZBJVZ9RSa5u4uyc
430,Saleem,Heaysman,sheaysmanbx@so-net.ne.jp,wkhVMOIHVZ475qqo9xsw
431,Tricia,Scryne,tscryneby@bigcartel.com,bgeIVRVCQFEV1rv63yoo
432,Jori,Facher,jfacherbz@trellian.com,hrmYTIWXSW70J3i33cun
433,Sky,Utton,suttonc0@google.com,gcwHEFV9U5GYK0864phh
434,Padraic,Buzin,pbuzinc1@nymag.com,rqaQTETKOE92Xavo6wvp
435,Quincy,Ordidge,qordidgec2@cnet.com,gntFFXGDG6XISbfi4qub
436,Brigitta,Manuaud,bmanuaudc3@illinois.edu,ezqTAFAU3LFMU84e5jgd
437,Jemmie,Mitchard,jmitchardc4@usatoday.com,iwiTCSSU26QS4q6i8caq
438,Karolina,Briiginshaw,kbriiginshawc5@patch.com,ujyGWJQFNXH6Jxkf9zru
439,Rozina,Borris,rborrisc6@cbsnews.com,yztNFCOD3A0407k27fgc
440,Ogdan,Voden,ovodenc7@rediff.com,ndxVVOP0TCA1Pd089qzp
441,Hinda,Eames,heamesc8@mozilla.org,lsvYOIUCNTQKXpxx0zcp
442,Keane,Shelford,kshelfordc9@chronoengine.com,ipeIPAPY9MBPH5kg9chp
443,Ingar,Cobbe,icobbeca@businessinsider.com,mizEGPOGK9VYXc3v8fjb
444,Jim,Serrels,jserrelscb@blogger.com,sczKKQW11WKX0g8s7kte
445,Camila,Pyrton,cpyrtoncc@vkontakte.ru,avpMLTGQMH7UR8qw5rja
446,Andreana,Chilton,achiltoncd@prlog.org,amhVBXHNNG5H8z9y8skh
447,Georgi,Durram,gdurramce@devhub.com,tqyNZTUEAOAU3wvs3bry
448,Vladamir,McBean,vmcbeancf@webs.com,vckLWRBVLNYTKyir3ykh
449,Claiborne,Tomini,ctominicg@google.com.au,wsuHXQJ6ZMC2Kjyz3wbx
450,Arliene,Lehrian,alehrianch@whitehouse.gov,mscVVCIZBMKELugd6byp
451,Cassie,O'Corhane,cocorhaneci@reddit.com,kpjACXYU0R31Ydrs5can
452,Justino,Elcomb,jelcombcj@state.tx.us,runXYYM7R97THq7p1yzm
453,Wendy,Ruprechter,wruprechterck@webnode.com,jfwCOECC00ND2s0a4vrs
454,Loralie,Le Blond,lleblondcl@spiegel.de,mcvISGHEDF35Pvzk2gpp
455,Xenia,Proudler,xproudlercm@exblog.jp,flfKZWQX1WFROn4h1upe
456,Creighton,Scandwright,cscandwrightcn@google.it,hqaUBGSC8QC11dp98iky
457,Iona,Stapylton,istapyltonco@ucla.edu,vjxUNOKTV31GE9it0mbz
458,Kelsi,Kimbrey,kkimbreycp@answers.com,wioVVJP2ZKHBQhp51oqe
459,Gale,Towndrow,gtowndrowcq@google.cn,ijyEKAOY9EX6Xsbn3nqx
460,Euell,Sizey,esizeycr@earthlink.net,hruUPIMGH9ODFusj7equ
461,Ernest,Wardrop,ewardropcs@guardian.co.uk,qdaYAHOPGJO1Nyy26ztz
462,Eugenie,Bouldon,ebouldonct@i2i.jp,tdsAIFYKJAKWKal62ttl
463,Adey,Iacovaccio,aiacovacciocu@yandex.ru,jevPKXMDRJ0GY30m0xhn
464,Viola,Kiwitz,vkiwitzcv@unc.edu,gjpYAWOD5PEJMp642duh
465,Danette,Broinlich,dbroinlichcw@blogger.com,gzlVOTD1TR68Fsbh5zvi
466,Inigo,Ibert,iibertcx@cbslocal.com,bysWQPJGCVVSWuni4bga
467,Florina,Drinan,fdrinancy@aol.com,ayjLLXC8DMPWM0gh9unh
468,Philippa,Gonnard,pgonnardcz@amazon.co.uk,wbiWCDRBDY15Hnv18pju
469,Franzen,Hattam,fhattamd0@hud.gov,oeiRTIRI6CSR4en19rzz
470,Boone,Dumbellow,bdumbellowd1@etsy.com,ixbYYPXE570AVf9g3emd
471,Wilfred,Van Salzberger,wvansalzbergerd2@usatoday.com,tsfNCWBUMRHDYlc61rto
472,Carlota,Baldry,cbaldryd3@networkadvertising.org,xvcFFUX036OV7hkh4ozq
473,Nissa,Milton-White,nmiltonwhited4@scribd.com,jxhFCFM3L8YXKsvk7zyi
474,Cassi,McKinstry,cmckinstryd5@weather.com,rqqEPGSZSESE6hs09hrl
475,Derril,Curme,dcurmed6@marketwatch.com,sgbRLRU5MHI98a476ypy
476,Allis,Trussell,atrusselld7@instagram.com,vuxIFMM68GLNAgfb3kmq
477,Levi,Cuniffe,lcuniffed8@github.com,txqVYML4P3UDXt750euz
478,Constantina,Barnshaw,cbarnshawd9@booking.com,ovxVYMHW8BA9Gkm84rvf
479,Ferdinand,Febre,ffebreda@intel.com,xprCUDHC9WDMPe4a7irb
480,Viviene,Pickervance,vpickervancedb@mozilla.com,xohGKOMN591TQap61nuh
481,Julee,Ornells,jornellsdc@census.gov,ygfDSPOCKEH9Px1t3reu
482,Eran,Popelay,epopelaydd@google.co.jp,srgUZDLMD2LU5tac9foz
483,Garth,Duhig,gduhigde@spotify.com,dzqJSBCTMIENYd4l4ere
484,Tandie,Abramow,tabramowdf@goo.gl,egdTYPPU4P83L1no5zib
485,Leonie,Sherwill,lsherwilldg@alibaba.com,cpqTIWE1XEDOIiel0oxo
486,Pepillo,Devericks,pdevericksdh@1und1.de,oouOSREE8Z137l2s3dhb
487,Ancell,Ouver,aouverdi@networksolutions.com,ghrPILJWGZRORce40lgh
488,Gill,Fautly,gfautlydj@joomla.org,pvvPROW4GI47Rw627bsm
489,Giuditta,Mathys,gmathysdk@bbb.org,avuPAAD966VW5tdx8gdh
490,Valry,Tinghill,vtinghilldl@weibo.com,xjjPFNL3L9PMXpoe0vsz
491,Almeria,Mapstone,amapstonedm@hc360.com,ffqEICEZM5EL18548zzq
492,Ruthie,Bonnet,rbonnetdn@businesswire.com,ezfPASA3K2OSHdw35mwc
493,Letitia,Postans,lpostansdo@howstuffworks.com,tzuNHHLD5V4JB8xc8nfo
494,Audrye,Farden,afardendp@bloglovin.com,tfgITIAC1Y745vfh9wsp
495,Francyne,Christopher,fchristopherdq@forbes.com,nxnWZJHJ6VEF8rjs4dsk
496,Coleen,Pochon,cpochondr@weather.com,cwtFVTHT7Y9XYugp1tmb
497,Marylee,Revelle,mrevelleds@cornell.edu,jgbTDMW9XRQMEe018szt
498,Matilde,Shrieve,mshrievedt@hatena.ne.jp,gahLUPNC2GVOPrch9fnt
499,Giffer,Bebbington,gbebbingtondu@amazon.co.uk,bkbLRGH4MCZ2Xy9n4haa
500,Eleanor,O'Flannery,eoflannerydv@furl.net,zxmVFDGL11E80qdu4gfj
501,Maressa,Smowton,msmowtondw@reuters.com,arnREBL6NF17Enk67tle
502,Mireille,Braund,mbraunddx@psu.edu,xueQTGNMZLMDDlts2wxj
503,Nanette,Tissington,ntissingtondy@squidoo.com,cznNJZN7TVM2Vmlh0kfv
504,Antonia,Gallant,agallantdz@cmu.edu,ukqOXVXBXDVFByzm5sgc
505,Orelle,Woodsford,owoodsforde0@pinterest.com,zytJTYZA3AMRC3051ymd
506,Lucille,Rivel,lrivele1@umn.edu,uuuQULBURBURYzw29quf
507,Euell,Vidler,evidlere2@arizona.edu,vpaSHCZAGJ5A4nyz4jwq
508,Elisha,Baraclough,ebaracloughe3@bbb.org,vyuTCCUG6IYATi225xko
509,Beverly,Daintree,bdaintreee4@zimbio.com,jjvXTZMI6VMVCsyg3axr
510,Burgess,Mancktelow,bmancktelowe5@spotify.com,troTGFI2BB491fra4mty
511,Hillel,Cardozo,hcardozoe6@gizmodo.com,xrcNGOHFOWVYBiax0cwd
512,Faun,Pickrill,fpickrille7@ft.com,zcjXAGD5Q37K6brp3sbi
513,Karoline,Yelland,kyellande8@taobao.com,tbwQHUY0YLBAW3i35kzu
514,Jeremias,Shillaber,jshillabere9@theguardian.com,vaaYWDIALEDXAg4d4xwa
515,Fanny,Birkin,fbirkinea@wunderground.com,ykqKQVKKP5J9Yd2u4asl
516,Clarissa,Knoles,cknoleseb@bigcartel.com,aqiICNHSYLYJZwn60rnd
517,Craggie,Meecher,cmeecherec@youtube.com,lhmWMSFXHZER41xd5fzs
518,Natalie,Hothersall,nhothersalled@ocn.ne.jp,dnkNVRQZ51UDWc597mqe
519,Isadore,Gower,igoweree@zimbio.com,qrvTJQMCCNIXKvoy2kae
520,Camella,Blamires,cblamiresef@army.mil,ukaCRSO42VPJW9da0han
521,Ivy,Bernollet,ibernolleteg@constantcontact.com,cwvSUNLJXGGRA9cv5iyn
522,Ilaire,Antognoni,iantognonieh@networkadvertising.org,jisLFRCNQ7THQujn3tjd
523,Filide,Scougall,fscougallei@amazon.com,sqoWTCST2TYNF0ym2npp
524,Wald,Preskett,wpreskettej@reverbnation.com,dvmIQYG3GTU2Hzuv5iab
525,Dore,Gethings,dgethingsek@ustream.tv,ulfTWRZMPCX0Wlbm5ghc
526,Tatiana,Christoffersen,tchristoffersenel@devhub.com,ormQTUZ12OTN7jjb2exi
527,Broderic,Tufts,btuftsem@paypal.com,ajjMRUFFI786Dc277drm
528,Lin,Freiburger,lfreiburgeren@mail.ru,ivxCQVMH9BRJFrlq7pkc
529,Rosalind,Kaiser,rkaisereo@fastcompany.com,euhAEHX82SX1Bm1t1wnw
530,Jamison,Minker,jminkerep@answers.com,txoDREKCYMU5Bu9t4obi
531,Wenonah,Vellacott,wvellacotteq@instagram.com,gzlUZTG2HJGS6hpq9roy
532,Marilee,Helian,mhelianer@51.la,wuoWOCIZ9CSQV1uw6smd
533,Bogart,Mussolini,bmussolinies@illinois.edu,mdhCBGAM3R9KZgqt9wkk
534,Ingaberg,Bronger,ibrongeret@ca.gov,ogfAWPALM4JJC2457tfi
535,Ricca,Kingman,rkingmaneu@lycos.com,kodJYBO9W3XL9ehs9ykm
536,Lucine,Miettinen,lmiettinenev@github.com,sblHSJWG88NA6jr04sca
537,Cortie,Fleetham,cfleethamew@seesaa.net,kupBCSFDWSD6M2k90vel
538,Scarface,Dillestone,sdillestoneex@howstuffworks.com,gfwHLCDCU47N00aa4pvf
539,Marlane,Wapples,mwapplesey@noaa.gov,lxnFKJP5W6CTQh1n8epl
540,Laryssa,Gyurkovics,lgyurkovicsez@google.es,eljYWQZ00JV5V0wt0poi
541,Marchelle,Spurryer,mspurryerf0@businessinsider.com,rzwQXNIGXYTPYp6s2php
542,Jayne,Andrew,jandrewf1@census.gov,gvrNOUZ8AVZGZvxi5usb
543,Tiphani,Harold,tharoldf2@census.gov,vfgOYVQ2K2AYIrym5bso
544,Cristionna,Huddlestone,chuddlestonef3@soup.io,epyVYHMTXBR9Jizd0gwi
545,Di,Zecchii,dzecchiif4@addtoany.com,jjiEAHI8GPAIPey26tic
546,Orson,Netti,onettif5@wisc.edu,elpPOSQDJO2VM9s10too
547,Shepherd,Summerfield,ssummerfieldf6@nature.com,pbsPSSFFVALED2ec3ncw
548,Dur,Cayle,dcaylef7@chron.com,ynhRNICSJ671Rh720lda
549,Reinold,Le feaver,rlefeaverf8@mayoclinic.com,kipSLHDKCIPSMkuj5dkx
550,Marrilee,Chataignier,mchataignierf9@youtu.be,wywEXMS0U6Z7Jz0j9xfv
551,Terri,Strahan,tstrahanfa@twitter.com,vqyUYAX9GLI8K1vu7ycx
552,Merilee,Favell,mfavellfb@shop-pro.jp,jnmEWGHXFL6LM99n9paz
553,Rosabella,Haggart,rhaggartfc@gmpg.org,igzDECND82XKIkiw1eep
554,Glad,Benitez,gbenitezfd@msn.com,uzoIIIPGAOA5Mje90yhj
555,Melanie,Scoates,mscoatesfe@spotify.com,xsmDBGICM9BSOtqo1mnn
556,Marketa,McGrowther,mmcgrowtherff@mediafire.com,xjoIKYEZQV4ATqv20pza
557,Elianora,Marchant,emarchantfg@virginia.edu,tbuKRIQNF0STAtvh0ayc
558,Loree,Skelington,lskelingtonfh@google.com,qkgHRDTI03C5J63o2oli
559,Theobald,Rosi,trosifi@mozilla.org,rkxQWOGDWUBIKpw60vgp
560,Shaughn,Hanbury,shanburyfj@mtv.com,sdtFEKQSAOPIChk37zqr
561,Cordula,Creamen,ccreamenfk@about.com,weqGHSO9NC9YHjer5iui
562,Carline,Tancock,ctancockfl@comcast.net,bblUQZCTN3R5Fwlb8mxo
563,Paige,Corwood,pcorwoodfm@liveinternet.ru,lnkKKTBC1KMHJ7a40zei
564,Kimmi,Barrowclough,kbarrowcloughfn@weebly.com,oiwAAQFSM91NYzdj0efj
565,Hannah,Domel,hdomelfo@cbc.ca,hnuWANDXFG5L2ag08tam
566,Saxon,Niblett,sniblettfp@forbes.com,attHAAM0O70KCg092ukb
567,Ed,Sline,eslinefq@huffingtonpost.com,wenWKIL0OAPB3qzi7sbr
568,Johna,Tomaselli,jtomasellifr@cornell.edu,dyhHEYP6QSCSMkun6euh
569,Dorri,Skinley,dskinleyfs@princeton.edu,qdlHUWI1LTPH13m23jwe
570,Genevieve,Halpen,ghalpenft@redcross.org,bbeLJFB0H2ERNlz93yvy
571,Travers,Banstead,tbansteadfu@va.gov,yenPSKGEX28VYiik5ubf
572,Terrijo,Gieraths,tgierathsfv@barnesandnoble.com,mshGJISKGGB69wk76nek
573,Joby,Habercham,jhaberchamfw@columbia.edu,qzoUFHNA37GCAtgc1ahd
574,Frankie,Brittles,fbrittlesfx@amazon.de,djfODBBWLM78Tx900lxf
575,Rhianon,Ouver,rouverfy@jimdo.com,jtzZTPBKK989M7694ztp
576,Selie,Langeren,slangerenfz@cdc.gov,juoURTRBXGO4Hl4p8cbb
577,Freddy,Odgaard,fodgaardg0@ucoz.ru,xvpPYGC3OCAKXid01cli
578,Carena,Oxbrow,coxbrowg1@google.pl,dliSYBRSH3G1Taxk1pjh
579,Gregory,Staziker,gstazikerg2@nasa.gov,nfoAAHPOHT31U7f37krd
580,Care,Fernyhough,cfernyhoughg3@vimeo.com,saiEDJJDLVEMA0v28buk
581,Rutledge,Chieze,rchiezeg4@yahoo.com,saaAWYYBI6PG8dc19ubm
582,Calley,Dunkinson,cdunkinsong5@xinhuanet.com,nwnGKPP39IOM0ju90kzu
583,Alida,Coulson,acoulsong6@soup.io,chcROTX3Z3KDW7wp2iic
584,Gavan,Pendle,gpendleg7@privacy.gov.au,yraXBVLVS03WKsqv2bei
585,Claudianus,Lauritsen,clauritseng8@amazon.de,kocZBST8KGOQK53t8zqo
586,Jereme,Gosnall,jgosnallg9@mac.com,qjdOJAPXWP07R0bk6nzj
587,Katti,Kurth,kkurthga@jigsy.com,zsuIGVHPIZ5VRjg64bbb
588,Erika,Christofle,echristoflegb@blinklist.com,xwhTXDXK2R68U1yn6vmj
589,Molli,Cornforth,mcornforthgc@cnbc.com,taeNHCYD4ISV1b169vkz
590,Gusti,Sandbatch,gsandbatchgd@miitbeian.gov.cn,cqiGIQXDUYXUV4aj2eqc
591,Jon,Shelly,jshellyge@fda.gov,yfcHLPSN7QW9Spy82zas
592,Gratiana,Bridgland,gbridglandgf@icq.com,zhqIXDPLLHUZCbcb2yoc
593,Norry,Bamber,nbambergg@ucsd.edu,zcnLXPMWFW0HSjk74tir
594,Nolan,Patron,npatrongh@paypal.com,gazSNNQ2Y57SE8dj8jvz
595,Gwenneth,Dunniom,gdunniomgi@123-reg.co.uk,namGLJWL5JQVL3ij2mlw
596,Ario,McIlmorie,amcilmoriegj@behance.net,pvgXKHY4W2SCKxkn0web
597,Darrelle,Chadburn,dchadburngk@google.ru,knqXZIQVDJXF1l9z2oye
598,Carilyn,Le Moucheux,clemoucheuxgl@nyu.edu,gjmNMVG4SZY44dxj9tvp
599,Christophe,Parken,cparkengm@craigslist.org,nooYVQLJT6MZXhtg8tkr
600,Kimmi,Sans,ksansgn@nyu.edu,mwsVBPXYK1F83g0s2nzc
601,Kirsteni,Danielli,kdanielligo@cafepress.com,qfnWKUVCQD3ILxjh5sxh
602,Salome,Staten,sstatengp@devhub.com,sftRXVYH89RL1nvw1ghe
603,Amanda,Ridolfi,aridolfigq@tinypic.com,cmmIZIY7PPEBKpf71zcd
604,Bertrando,Skillen,bskillengr@tinypic.com,qvyNEFOLITNFAooy1xze
605,Hailee,Nowick,hnowickgs@columbia.edu,pqoWKLXV9112Cp4b5nyu
606,Cleveland,Segeswoeth,csegeswoethgt@woothemes.com,dyhTWWDVECXM3sda6lto
607,Laughton,Gadie,lgadiegu@msu.edu,qhjEOOY1OB31R4391yea
608,Silvanus,Macci,smaccigv@moonfruit.com,droQOLJUQRBILj4s1gix
609,Engelbert,Greenhall,egreenhallgw@nifty.com,gxvVFUKYOICL3cf69ujs
610,Dione,Peacher,dpeachergx@com.com,lahYKIKV90CGK2vl1bkw
611,Mord,O'Doogan,modoogangy@comcast.net,ucfGBXVEM485Wct60xxp
612,Melisande,Layne,mlaynegz@altervista.org,vgaFZGAQMPXKJ8tv7tyv
613,Stefa,Stonhewer,sstonhewerh0@weibo.com,yhdGDSJY0SYLO4j68izg
614,Joli,Crummey,jcrummeyh1@intel.com,wfwLMQCB2IKOFgdw0zjl
615,Virgie,Crowley,vcrowleyh2@booking.com,tqqATIMQ9SVD2mn83pvr
616,Walliw,Cambell,wcambellh3@hugedomains.com,duaXXGKGGYCV2oj63mkj
617,Mariann,Poulsum,mpoulsumh4@g.co,milNUKC74HBF9r8r8icj
618,Nealon,Arrighi,narrighih5@delicious.com,gxzBKYZ4QDUKI48z3hnu
619,Lind,Redmell,lredmellh6@t-online.de,rzoEJSFPXQA1X27o8sbz
620,Blake,Witten,bwittenh7@facebook.com,uoiPZAJSY67SMi512icx
621,York,Piddletown,ypiddletownh8@addtoany.com,dslSEPOS44ELCl5o8htg
622,Adrian,Shippey,ashippeyh9@sakura.ne.jp,epsVOGP2BYBC3lt52tdg
623,Patrizio,Fordy,pfordyha@baidu.com,fguUYSV65GWQ1zf55xrw
624,Quincey,Pacher,qpacherhb@shop-pro.jp,lxoMNRFB825TIm160wbt
625,Sandra,Flounders,sfloundershc@mozilla.org,xxfSQSF52SEV9vk13jvp
626,Minta,Prendeville,mprendevillehd@phpbb.com,eokOKRJ5YHMKL8pv5cgn
627,Blinni,Taveriner,btaverinerhe@bloglines.com,bqpXAEVE17TLTcst9mjs
628,Tandy,Rutledge,trutledgehf@so-net.ne.jp,fezUMWG39CLFYnob7ygf
629,Gisela,Stoney,gstoneyhg@huffingtonpost.com,clfUJLIK8HHXFr035sqs
630,Devora,Capponeer,dcapponeerhh@reddit.com,niuRIGV95ZQN4no86tld
631,Kelcie,Beebe,kbeebehi@skyrock.com,vxiTBMXHSJ2Z561o6xoa
632,Courtney,Kropach,ckropachhj@trellian.com,nsbMBLDSUTC639br6hoo
633,Patrice,Kiezler,pkiezlerhk@vinaora.com,iecLEGEG2AE6Gy0q4ctr
634,Sarita,Gowthrop,sgowthrophl@upenn.edu,ijbXTOZAEW0C79mr9zip
635,Val,Allawy,vallawyhm@examiner.com,hziHENEVVCBQEl003obq
636,Fredi,Olcot,folcothn@comsenz.com,uhzKYAR5JJZUIgev2ibi
637,Silvie,Ivanin,sivaninho@webs.com,jwsWQYK5XY66799t2yya
638,Alisa,Baison,abaisonhp@sciencedirect.com,ovyKBRVG69UK2dyv6qne
639,Reeba,Edinborough,redinboroughhq@4shared.com,cwvVNZWIUBHX42dt6uqn
640,Theo,Lazell,tlazellhr@google.cn,bvtVAQC2EQJPJtuo4lgg
641,Lita,Pill,lpillhs@joomla.org,letETZCB0V35Hxmg0fxz
642,Lewes,Ruck,lruckht@webmd.com,jenQBKY98OJDHbmh0myw
643,Doe,Nuton,dnutonhu@nature.com,lxmLKKDHFHSU3t706gxm
644,Ardisj,Maykin,amaykinhv@google.com.au,carDBGSXH9ZMWmfc1pio
645,Myrtia,Castello,mcastellohw@blogger.com,rzgFJVKO5HKBYg6t2utv
646,Billie,Cockrill,bcockrillhx@mashable.com,qxrWXYI1M69HU9v31eds
647,Allis,Benedito,abeneditohy@rediff.com,ueeYQJNN42TUK8b73tqu
648,Amil,Rooke,arookehz@ucsd.edu,ntkWMGCOA0WUYiig1lzw
649,Deb,Brimblecombe,dbrimblecombei0@globo.com,tffKBON8EWQ257r36gjn
650,Elnora,Mundy,emundyi1@wordpress.org,vswWVOGIQKQ8Kepa3ekg
651,Pail,Kenna,pkennai2@slashdot.org,lngBZRUQTV485ecn3mmn
652,Jaquenette,Heinschke,jheinschkei3@etsy.com,gktGTXLWFC2DRvzw8rqi
653,Xenia,Bohje,xbohjei4@blogspot.com,ldeYNXBSR0MAVlay4hku
654,Deborah,Letixier,dletixieri5@biglobe.ne.jp,lhqMNDTL4YWL17gp2hfl
655,Diena,Salmond,dsalmondi6@163.com,rgaGOLOC2BZL521x7yed
656,Dukey,Crooks,dcrooksi7@army.mil,hmiHTED4211U95d18lna
657,Shep,Duffil,sduffili8@drupal.org,gvqHDOT1PVM1Fnz21ufb
658,Briney,Swanne,bswannei9@wikimedia.org,abpRIVGN8Z8VEy6m7pwy
659,Cicely,Welsh,cwelshia@github.io,uooWCCZJ1IZGGloa8may
660,Chad,Osgarby,cosgarbyib@google.pl,nytLXVTXMUES3q1u7hxo
661,Ambros,Simonutti,asimonuttiic@twitpic.com,ohlZACFS3OCCCaqf4udn
662,Lynnell,Riccelli,lriccelliid@hugedomains.com,aseWZTSBMJPWG6838xun
663,Gibbie,Kelling,gkellingie@godaddy.com,ktnFBAYD2QLQRwvp5val
664,Alvera,Mozzini,amozziniif@is.gd,frpMDHJ9IA46Rkmo2eag
665,Aloysius,Belt,abeltig@google.com.br,hyuVLSWJZXKKQ9uo5ziv
666,Wynny,Bentz,wbentzih@ucoz.ru,whrYTGQWEP2RUq8w4chm
667,Netti,Wilmington,nwilmingtonii@clickbank.net,qqpQSILQC5NCN6sn9nav
668,Cyndy,Tomlins,ctomlinsij@scientificamerican.com,ulkRAKUEREL5E46x6uvz
669,Rafaela,Halward,rhalwardik@last.fm,imgPMXH80E19Lg7w1sbq
670,Hannah,More,hmoreil@networkadvertising.org,nyzTZTUIZ2JGXs964vin
671,Natty,Gregorin,ngregorinim@omniture.com,wosUJBE0LZQ8Oy3w3kkk
672,Brittney,Wallage,bwallagein@digg.com,vxoJCZV5C3RI9i9a5wcv
673,Rosabelle,Winson,rwinsonio@shutterfly.com,jjbKZMCK7G0COwzl5xon
674,Suzette,Antonomolii,santonomoliiip@biglobe.ne.jp,oytGIOEFQUAGAl1a9ihp
675,Dar,Zarfat,dzarfatiq@discovery.com,gydXRYPHAWFSTl9b1pto
676,Diarmid,Maylour,dmaylourir@shutterfly.com,dcgVGCJ2NVJR78q58pbp
677,Mariel,Pandya,mpandyais@baidu.com,ssdUGUFBMEES34na8ggg
678,Cairistiona,Reinger,creingerit@deliciousdays.com,vdeIAXNHVZSRAej96opq
679,Pace,Stokell,pstokelliu@hatena.ne.jp,ghvUEOVD6HVJD1r60thq
680,Roshelle,Danielovitch,rdanielovitchiv@youtu.be,zhuIMWZUAMV2Wh977exx
681,Xerxes,Andrei,xandreiiw@ezinearticles.com,aryWJQTJXN9CZ2wa6kle
682,Heriberto,Rome,hromeix@tripod.com,ccsPUHZTWUSQ6dga1tgv
683,Pepi,Jerome,pjeromeiy@seattletimes.com,cbpFZVIDVVNJUlde3kdt
684,Siusan,Luebbert,sluebbertiz@loc.gov,obwTMHJSJJOZ7b8q6bxt
685,Lanae,Shellard,lshellardj0@webnode.com,qquFOYXXO21KAxh70zqv
686,Benita,Leatt,bleattj1@google.es,lehYDFIQHPOPVqxp1sue
687,Tadeo,Bamblett,tbamblettj2@cam.ac.uk,jyePNBNROZ3ESvlf5yzy
688,Jobie,Studdert,jstuddertj3@weibo.com,jzyYVTO3PX9YCowz1mgq
689,Flora,Ivushkin,fivushkinj4@yolasite.com,jpcFVFZ08CEMQqrp2zre
690,Padraic,Stadding,pstaddingj5@sitemeter.com,sbsTSQOCWFK80hsm0plh
691,Garner,Edmans,gedmansj6@abc.net.au,uouRNZLEZUS5Icb74hqz
692,Karlik,Haycroft,khaycroftj7@gnu.org,spgJVQOWIGIQZfv07swz
693,Daria,Irwin,dirwinj8@oaic.gov.au,iunXPECEWY7DGcjr5svy
694,Thomas,Nettleship,tnettleshipj9@walmart.com,vlxXRTEAASGECy6z0ohg
695,Toddie,Geldeford,tgeldefordja@prlog.org,knqZEWD5GWOFZbsl0qgz
696,Candis,Gregor,cgregorjb@wix.com,yrjUXLKTSB444nzb2akj
697,Sutherland,Rayne,sraynejc@liveinternet.ru,buyNZCCTJ21BRiga5weo
698,Malchy,Brassill,mbrassilljd@un.org,wezNLEXRWXOC1nth0ymt
699,Faythe,Alltimes,falltimesje@dyndns.org,lyqCKDBL6L87E9bd2kvd
700,Hedwig,Dimitrescu,hdimitrescujf@paginegialle.it,mkfGRZK0AVO2Bl1q7pzg
701,Standford,Rodden,sroddenjg@taobao.com,rufLNDOASWPUTa9d8ens
702,Gare,McMakin,gmcmakinjh@angelfire.com,gcwBOMY2RQNAWdp75lbw
703,Tremayne,McWilliam,tmcwilliamji@typepad.com,qzuKFZKPFLQOG0n59vru
704,Kelila,Cartner,kcartnerjj@ft.com,zzkZJIPDO76OEp8y1xbp
705,Sonia,Stearne,sstearnejk@lulu.com,kyeDBSJWLDY6Kp5v3vur
706,Giffy,Cerith,gcerithjl@discovery.com,kffEZLX15AU1F1119dtq
707,Isak,Maasz,imaaszjm@google.pl,vzgGTTV8DLBLQ29z6qkn
708,Tish,McFie,tmcfiejn@microsoft.com,utjANXTJTIQMKbx00qdo
709,Leandra,Troctor,ltroctorjo@amazonaws.com,kizDUGK5ROIFA05e9xft
710,Jaye,Jessop,jjessopjp@wikispaces.com,naiYKTC2Q8HCZaxo5jqt
711,Beltran,Patty,bpattyjq@salon.com,fabMEAXPJNHE8vva3tqp
712,Mathew,Fardy,mfardyjr@surveymonkey.com,zobTRRN3H2L62mk60xew
713,Noak,Blaymires,nblaymiresjs@imdb.com,rhuAQETGW7M9Nw4y8mnn
714,Ogdan,Metts,omettsjt@wordpress.com,rzdSHSIN4V1SHjta8scb
715,Ronda,McCallam,rmccallamju@freewebs.com,bvnFPHKQCFTH0scm8div
716,Hobart,Baddam,hbaddamjv@mac.com,ffdYQBLBCXRJNqdo5xri
717,Kenny,Leyband,kleybandjw@wix.com,gtbDRWU4DEH1T3dv1lra
718,Rebbecca,Yanukhin,ryanukhinjx@msu.edu,axwXUGAZMLA2Hgrk2hic
719,Pandora,Wainwright,pwainwrightjy@chicagotribune.com,nvxBMDB2I66CI3te0rpn
720,Carol-jean,Benford,cbenfordjz@accuweather.com,qiqIBXJAQQL9G2ta8jrc
721,Aron,Kinnen,akinnenk0@google.com.br,olmSTGHESBJO3s7q1tbg
722,Genia,Jerome,gjeromek1@wordpress.org,gyxYKDCHQISMZg550doy
723,Arluene,Mityashev,amityashevk2@alexa.com,ifkLKHLDNE5ZVtbc4rsq
724,Afton,Spacie,aspaciek3@mail.ru,yisROCDT63U9Mt5j4oyv
725,Guillema,Lavers,glaversk4@elegantthemes.com,gqjEKTE5Q08DWn5p1mwe
726,Alister,Tapp,atappk5@apache.org,jpeBIBBM26MVHoac8dis
727,Artemis,Scarsbrick,ascarsbrickk6@wikia.com,erqBZXSJABAH1al82pjx
728,Panchito,Purslow,ppurslowk7@usda.gov,uofEWXW3ZRLTQ3lm0vsp
729,Erhart,Joppich,ejoppichk8@list-manage.com,brwDUBWKEMT7Riu99vav
730,Dallas,Sherreard,dsherreardk9@sciencedirect.com,wgbWDMP7J315Lbia3zvq
731,Kala,Philott,kphilottka@mapy.cz,ztwPOLG2C7I5Ujot9qcl
732,Weber,Clinning,wclinningkb@businesswire.com,wraYLJKP89QIMiuc9hdy
733,Carree,Doswell,cdoswellkc@google.com,gkiBFDBDCDAV8myh9qsa
734,Gonzalo,Clarkin,gclarkinkd@boston.com,yzbXVCUF2NOA8k3b6ych
735,Matthaeus,Bannell,mbannellke@go.com,sefDJEL92X4S9xx46uwv
736,Chance,Stallwood,cstallwoodkf@toplist.cz,zrsJBHTT882KHmmh8dkv
737,Nesta,Bickerdicke,nbickerdickekg@tuttocitta.it,kvpQZSF16ZQFR58u7hyn
738,Nelly,Hodinton,nhodintonkh@homestead.com,bpiJWWKRFS6PTkou5bep
739,Joceline,Stienton,jstientonki@taobao.com,bfcPRSL3DOOROhh50obm
740,Kimbell,Rosbrough,krosbroughkj@dell.com,emqWPVW1X1O64okb3ott
741,Eolande,Fishlock,efishlockkk@pagesperso-orange.fr,ytwTIAYT81AQLspr0ktz
742,Kerrill,Creaney,kcreaneykl@mayoclinic.com,pywOHYUXKWZZPczz6qtn
743,Dona,Stetson,dstetsonkm@tripod.com,zsoBTDSZOB9BLtlw3did
744,Devan,Cuming,dcumingkn@i2i.jp,axoJKOC4TCVE2m1r9ieb
745,Tracey,Caukill,tcaukillko@cam.ac.uk,gyvBYDJ4UU5XUxeu5hmb
746,Hyman,Gaspard,hgaspardkp@pagesperso-orange.fr,xtwHXJZBC0C3Sxfr1bla
747,Maximilien,Mattiassi,mmattiassikq@phpbb.com,vdqPJRAGTXQNA9ei3vye
748,Thelma,Beneyto,tbeneytokr@mapy.cz,sliZWLQPXXFML5ge6pfm
749,Virge,Senogles,vsenoglesks@istockphoto.com,xzlPEWQ9A2212znz8iak
750,Carly,Bates,cbateskt@printfriendly.com,pmlVLEW73TZRD7vn9toc
751,Eddie,Maliphant,emaliphantku@usa.gov,nujUCSK1B5ZGI1bs0sbh
752,Coretta,Fulep,cfulepkv@google.com.hk,tmeFCHPJSLPQFesy1olc
753,Ugo,Cahen,ucahenkw@princeton.edu,xmgVRPDGW52RVkxb6qoh
754,Gasparo,Bradbrook,gbradbrookkx@dion.ne.jp,eqnFVYZKU01Y7wjo5tbm
755,Alejandro,Cubbit,acubbitky@ucla.edu,muiHIRCM2Z8XYqma4pix
756,Christoper,Duffell,cduffellkz@prweb.com,hqeCWPO84X4X1f3n6jep
757,Brandie,Tooke,btookel0@sourceforge.net,aoiXPCWT4X48Nlzt9mxm
758,Lisette,Korda,lkordal1@live.com,kcnDAGFLIGPOHtht6woe
759,Shayne,Greenhowe,sgreenhowel2@huffingtonpost.com,zkfBJMJPC6LIZv081yji
760,Juanita,von Nassau,jvonnassaul3@homestead.com,tyxQHASRKWXMSj3g3iqd
761,Kiersten,Canning,kcanningl4@example.com,ansQZEL8W99RZfzv5tim
762,Priscilla,Piechnik,ppiechnikl5@google.com,pjhPXOR3YAZM7tea9maj
763,Jaclin,Burnup,jburnupl6@360.cn,bqoIEXQKKBUD6bhu9heb
764,Mathian,Cogar,mcogarl7@usnews.com,mwhIGCI8VAL1Wlh78dcr
765,Roselle,Elsmere,relsmerel8@google.com.au,pfpSEDV30S36850r7amr
766,Kassi,Berrick,kberrickl9@oracle.com,gpiKFYZRPY10P28l6uwm
767,Henrik,Cherrie,hcherriela@parallels.com,dhnJUJATL5H6Npvz7zfy
768,Kari,Gue,kguelb@theglobeandmail.com,rzcLIJOIPD323mdw6lux
769,Cybil,Milner,cmilnerlc@dell.com,totNCCGBQQ84J6ue3qma
770,Susana,O'Sesnane,sosesnaneld@yandex.ru,lphGUUTKUNM9Fagz0fdj
771,Tamqrah,Paddle,tpaddlele@sphinn.com,gbxJDGVJU58ZBsk38spy
772,Alyse,Vidyapin,avidyapinlf@nifty.com,akkXPSUPVR8QHnjc1mjf
773,Andrey,Frankcomb,afrankcomblg@scientificamerican.com,vpmEGPZ6JALU32m17kus
774,Kristoffer,Durnford,kdurnfordlh@opensource.org,unyIKWOL9C2LAvpg4qbp
775,Doreen,Wavell,dwavellli@cornell.edu,wwmEIXV9MPYHDt650oii
776,Burk,Darke,bdarkelj@intel.com,pksOGGA2US1779li9cea
777,Teddy,Linzey,tlinzeylk@yelp.com,ibnUOWY7PMLRP0t17mgy
778,Sunshine,Housecraft,shousecraftll@wufoo.com,dexNGMBT7S936dts7mfs
779,Allx,Suff,asufflm@chron.com,umdMPJM99UGIJk5m7jer
780,Beulah,Summerson,bsummersonln@rediff.com,fgvJITC1TP2CHszi8prz
781,Emilie,Eichmann,eeichmannlo@google.com.au,tbdJJWK31735Jefr6anx
782,Cyndia,Boshers,cbosherslp@liveinternet.ru,ykeAIBQC0D07Btw11hlf
783,Grazia,Warner,gwarnerlq@spiegel.de,exwMWVPHEJAZFcc68koz
784,Lezley,Shorten,lshortenlr@merriam-webster.com,qrlNQCHB2VH6Z8a48tcr
785,Lorinda,Jesper,ljesperls@blogspot.com,qauNYSLPNMS3K3xu5rmd
786,Jania,Ort,jortlt@yellowbook.com,eegQWPFL2YBQOt736umn
787,Darci,Thurber,dthurberlu@state.tx.us,sqrQBCZXSIHDJy8t7mnb
788,Katherina,Matei,kmateilv@nhs.uk,iedQBAG9231RR6id6nqc
789,Verine,Pilch,vpilchlw@twitpic.com,odkQMYL9AC1S2uk56pih
790,Daphne,Bakhrushin,dbakhrushinlx@devhub.com,dsmXKTEPPA7GQf8k6yze
791,Leda,Hardey,lhardeyly@storify.com,fbfHQRWKJWCTXiq31zth
792,Tedman,Ralling,trallinglz@seesaa.net,mhiJDOW1OQ0IJa6k6lib
793,Bern,Duigan,bduiganm0@feedburner.com,pqmPUZSFA9LL9jrc3nlv
794,Alister,Kenrick,akenrickm1@hostgator.com,tpyUQVX8OUP4F2z33hft
795,Jethro,Stredder,jstredderm2@thetimes.co.uk,jtlXVNRLE006O7fb5une
796,Clemmy,Bilovus,cbilovusm3@woothemes.com,kohMYFN0LO7YDxzb6uha
797,Sabrina,Abramowsky,sabramowskym4@cocolog-nifty.com,vkjVQUC631S2X7s67gjj
798,Imogen,Broseman,ibrosemanm5@mapquest.com,dazPOCIVX26ND7uu2ulp
799,Nahum,Easterfield,neasterfieldm6@weather.com,gjbUWLCP0U57Yqdw9vat
800,Jennie,Twelves,jtwelvesm7@marketwatch.com,bsiSRKTW1S82Cd235bes
801,Arlyne,Hardingham,ahardinghamm8@delicious.com,gsiJRNT99YK5Q15n9vzb
802,Barnard,Bakey,bbakeym9@jimdo.com,twgXMDFFVTQ55d9o8fmw
803,Tildy,Ivashinnikov,tivashinnikovma@umn.edu,gonICXOGPQ23Y3n11ftd
804,Rhianon,Trembath,rtrembathmb@state.gov,uzzXNTPGJURCSspd9ikz
805,Jozef,Lumby,jlumbymc@illinois.edu,iboNKCWI9ARNUf6o6sgm
806,Nesta,Chesley,nchesleymd@indiatimes.com,ctkASCZSUZHUEep93dgq
807,Carolynn,Reven,crevenme@homestead.com,uypYHQBI6UXOIhjc5qzy
808,Tanya,Schonfelder,tschonfeldermf@360.cn,tbkBWLHNZ79R938k4ddy
809,Morissa,Whitcomb,mwhitcombmg@unicef.org,iwfECLS80UXE1ee27ffz
810,Asa,Chillingworth,achillingworthmh@vkontakte.ru,jqeXBRR3JP28S5vu6qdp
811,Ambrose,Garford,agarfordmi@blinklist.com,kgwDFSKCD0Y4M1v91yij
812,Amandie,Grealey,agrealeymj@skype.com,hvcETQCKPFGQGim08qyx
813,Cristine,Tumpane,ctumpanemk@umich.edu,mfvAQTSZNUA6C75r1qxf
814,Sterling,Basezzi,sbasezziml@go.com,xnpTRILTPWREP31d2xxu
815,Skyler,Ludvigsen,sludvigsenmm@sfgate.com,mjlWTMS4K51F86b56dtx
816,Valdemar,Leadstone,vleadstonemn@imgur.com,hftNCSHQR8ZYL3k32vij
817,Jacquenette,Layhe,jlayhemo@youtube.com,vmdSRCGQFFK8Ysxr2jor
818,Hercule,Matyasik,hmatyasikmp@chronoengine.com,ekwOIRIR1SODQvv90uuk
819,Rory,Seater,rseatermq@slashdot.org,adnKXRVN263GKsyw5uoa
820,Elna,Meece,emeecemr@liveinternet.ru,jsvELZDIBBRV7ol21cst
821,Terrell,Haselhurst,thaselhurstms@geocities.jp,wrbDAFSB1ZIUFy8w3xau
822,Julina,Jagels,jjagelsmt@wunderground.com,iogNBHV5YYNLM97m6pnp
823,Hussein,Bontine,hbontinemu@archive.org,lbyVCWM4LLIN8shs5ust
824,Jarred,McAdam,jmcadammv@noaa.gov,jiwFXTFMPP3JEe709ise
825,Robinet,Demcik,rdemcikmw@reuters.com,nruKXJU5GJ2AO0bb0xfl
826,Cairistiona,Sill,csillmx@wordpress.com,jziYTEJ3WVGS8vjz9udr
827,Serge,Hunting,shuntingmy@intel.com,wegSFHEI5GIFD1cs2uzc
828,Bride,Spelman,bspelmanmz@slate.com,gxbWSYFOOAOEZ8lh2uir
829,Ricca,Magnus,rmagnusn0@marketwatch.com,osdDISUCFPVNZ7dj2epy
830,Sibylla,Apple,sapplen1@ask.com,jxjRGFHOWH819p7h7mtf
831,Jerrilyn,Henriques,jhenriquesn2@qq.com,sbtJMSMJBRC5Hg9b0nbc
832,Barbabas,Pymer,bpymern3@mozilla.com,hriELJFBEXC6Chby8vup
833,Ileana,Verdon,iverdonn4@4shared.com,xuaWAHKZQ8K5Ukmz7kyf
834,Clarice,Marcoolyn,cmarcoolynn5@smh.com.au,jzqRRJE34WSVIv1v1ncc
835,Keelby,Pietranek,kpietranekn6@reddit.com,fklRDWOJALXYXjhh9yrp
836,Kizzie,Izac,kizacn7@parallels.com,ohcAEHY77DJVJbhr0utr
837,Theda,Bailey,tbaileyn8@ucsd.edu,zunIFERTYAIRDket9rgk
838,Ulrikaumeko,Penfold,upenfoldn9@ucoz.ru,wnsQHXBUEMIYLjen3nkk
839,Tiffy,Ottley,tottleyna@businessweek.com,uecKGKKH7T1OIr9z2owx
840,Quentin,Highton,qhightonnb@vkontakte.ru,tegFHJLU2O4VZlga8rwq
841,Rosalyn,Ben,rbennc@gravatar.com,wivZHHC85ATVPbfp2jao
842,Bartel,Tetla,btetland@liveinternet.ru,eufEKKO4CJHGQizh3zja
843,Mechelle,Vernalls,mvernallsne@tiny.cc,divDLCI0XDCG5r4n1utz
844,Jessee,Rickson,jricksonnf@accuweather.com,txeTAREBR0A2Xzbf2vtx
845,Cecilla,Groves,cgrovesng@china.com.cn,hdeFZRHCT0NDHx323irk
846,Stan,Bladon,sbladonnh@a8.net,xmuSQET0P33HZaqa7utt
847,Cherri,Josselsohn,cjosselsohnni@instagram.com,ucqCVLBJ7SCX14vz6fal
848,Maggie,Spurling,mspurlingnj@ebay.com,fciKNBYQMDIP4mv66wdd
849,Teador,McGunley,tmcgunleynk@ezinearticles.com,fpgOMJNUTJ66E3f26mwi
850,Aurie,Bettenson,abettensonnl@alexa.com,xvqZDDCYKRI7Fxvy8usr
851,Hana,Benettolo,hbenettolonm@istockphoto.com,rgyXEXNAP0I2Y6jf5qhg
852,Lance,Axelbey,laxelbeynn@360.cn,bpeZRCSJYYBWY3xz0xzr
853,Celeste,Keepe,ckeepeno@nsw.gov.au,wptOHEWE6PDA0sfi2krk
854,Cecilia,Stilldale,cstilldalenp@nifty.com,qecONCCPX5F182130sxu
855,Lydie,Alabastar,lalabastarnq@cornell.edu,rjcLCXXQODNM1vvr6ohw
856,Morganne,Denisard,mdenisardnr@sciencedaily.com,zibDYDQWM1BUSheb0bic
857,Reinhard,Dancer,rdancerns@clickbank.net,fvcSKGQ8WTQMHheq4pnx
858,Stephine,Mayhow,smayhownt@fotki.com,nqnBXZUVQC5K791m5cns
859,Meggi,Boast,mboastnu@hatena.ne.jp,snxAKSRBSM9KXl4x9pfd
860,Catrina,Alldridge,calldridgenv@wikipedia.org,ihdOBNBR2ZIWUopl5rve
861,Berkie,Kob,bkobnw@csmonitor.com,yylGHGJSQ3S9Z02m7nbt
862,Fabio,Iseton,fisetonnx@hatena.ne.jp,mcuOTGHOO4KIWzju6ita
863,Maible,Shelper,mshelperny@theglobeandmail.com,uduMOJSS8FTA5obz4jxk
864,Marline,Troker,mtrokernz@cbsnews.com,ybzNKBNIXPSZYlqe4reu
865,Forrester,Recher,frechero0@slashdot.org,vpaNSLX60KZ321ph3dai
866,Grata,Braybrookes,gbraybrookeso1@bloglovin.com,vugXKCXHSJHOJwy06nne
867,Berti,Swiffin,bswiffino2@newyorker.com,bgoRSMMY134XXirm7oov
868,Luce,Gethins,lgethinso3@ycombinator.com,eccTEWF3QGTW7nce7wmu
869,Baldwin,Ruseworth,brusewortho4@youtube.com,ahvATDLLBBHOL0z36kdt
870,Sada,Dyer,sdyero5@wp.com,roxSDEF8OWGGWax38dkq
871,Alisander,Sidaway,asidawayo6@irs.gov,fwcFKALJVULL1qg65hvl
872,Broddy,Levings,blevingso7@people.com.cn,cbxUTHEDXWLGBwiv3psd
873,Pip,Phizackerly,pphizackerlyo8@amazonaws.com,pqhIENNAPKVD9dsa1kkt
874,Phillipp,Huygen,phuygeno9@hc360.com,ldqPQSQRDH8DOwkt2ces
875,Guillaume,Phaup,gphaupoa@pagesperso-orange.fr,wvzJBYAFFRYK7r9l5ntj
876,Curr,McCarty,cmccartyob@prnewswire.com,nruQGQTQXX9QMqks9tjg
877,Shelby,Coste,scosteoc@a8.net,cwbJDGH4Q4TSEybw2tgt
878,Tommie,Gerardet,tgerardetod@businessweek.com,nayADTFDR7E3Pkge7vjb
879,Neysa,Cowey,ncoweyoe@usatoday.com,qujYUOHDGJNXOb4f2zgl
880,Kristal,Fowle,kfowleof@redcross.org,irqDAOGZ9N4BHfev3tar
881,Ruthanne,Slorance,rsloranceog@ihg.com,gveRRXDRWRX1Od8e6ask
882,Karoly,Clyde,kclydeoh@yahoo.com,owlCDOYB1VS4Akb70fmo
883,Aluino,Wateridge,awateridgeoi@deliciousdays.com,csfQEKCHO06FOqwb6kzp
884,Roldan,Stuther,rstutheroj@soup.io,ajkAFFTMOOBXUl913two
885,Davey,Begwell,dbegwellok@dot.gov,qhoIGKZCJYW4Sip12anj
886,Suzanna,Voak,svoakol@bandcamp.com,vlaVPVGTUBSBB9vo6qba
887,Ambrosio,Kerwick,akerwickom@wix.com,dofIJFLRBT58Axyg1pdt
888,Nels,Chason,nchasonon@wiley.com,jzhKCGXR4LS74i706rsd
889,Philippa,Moreland,pmorelandoo@bbc.co.uk,oazCHJMPEU6GIpq64tkg
890,Baudoin,MacGauhy,bmacgauhyop@posterous.com,nlcCXZMVO7X4Ecg13jxg
891,Lexi,Itschakov,litschakovoq@360.cn,zudUFIXF9T58X1s79oew
892,Beaufort,Chaster,bchasteror@cargocollective.com,dwlMQKOHNM04T4776aza
893,Horatio,Jursch,hjurschos@alibaba.com,nknIGEEBODAQOqe32ipf
894,Inness,Egginson,iegginsonot@icio.us,nojGGYDSMO6YA4m15jsx
895,Roanna,Roder,rroderou@noaa.gov,paqZRNUPS6F7E8r90zeo
896,Iris,Glenwright,iglenwrightov@cafepress.com,spsMRPLN3S9V856g4tsr
897,Gail,Eim,geimow@about.me,mufYACRZZTUD9apa6tqw
898,Lorrie,Keems,lkeemsox@oracle.com,rwhNLGI4ZGU7Glon4whg
899,Roshelle,Pischoff,rpischoffoy@meetup.com,vomVGKS4TF2OIq0g5zkh
900,Willi,Paike,wpaikeoz@ehow.com,aefVTRTUPPEY4bqq7plw
901,Kerri,McConnachie,kmcconnachiep0@archive.org,exdPDRKBN9T3Aezr9qci
902,Aube,Jinkin,ajinkinp1@wikipedia.org,ranQXXDLIMA5H4qv8nni
903,Fremont,Martensen,fmartensenp2@ibm.com,swoUPLSRVYELJptd2bfl
904,Ruggiero,Phalip,rphalipp3@bandcamp.com,vxyEHASQQXOFBa8x7lpk
905,Tessi,Billo,tbillop4@bravesites.com,adgFHAIVCBK2Dm0z3xep
906,Honoria,Gillbe,hgillbep5@exblog.jp,kttISNV0L32XHk8m8ant
907,Karyl,Bussy,kbussyp6@nature.com,oddIXAVD0YOHKx3z8zsw
908,Yves,Redd,yreddp7@toplist.cz,vmtFZTOII6D0Xvo51bac
909,Ogden,Kolin,okolinp8@booking.com,wurXGSTDOUFNZfqo7lcg
910,Veda,Smaridge,vsmaridgep9@ed.gov,vfoMVCAFKR11I1be7ohs
911,Hazel,Macourek,hmacourekpa@is.gd,hoxUWQOF9QBC4hsv7ztq
912,Sloane,Howitt,showittpb@list-manage.com,tsrUVAYFWQ0KN3hs9flq
913,Tracy,MacManus,tmacmanuspc@alibaba.com,dyuHGOBVZ562Ctd88rrd
914,Saraann,Andriveaux,sandriveauxpd@foxnews.com,syuOAIOKGGCUY9vr5sme
915,Margarette,Pakeman,mpakemanpe@dedecms.com,evnLMAV46MRYFs078qaf
916,Pippa,Gibbeson,pgibbesonpf@uol.com.br,wthVMLBA9RFKHqgx3nzl
917,Eddie,Crocken,ecrockenpg@home.pl,ypvBGGNJ1CZTGb5c2xmt
918,Pincas,Birrane,pbirraneph@lulu.com,csdKTYV4UA39A1ju6tre
919,Lina,Demaid,ldemaidpi@reddit.com,bvnEKDD1DABYXe646zuf
920,Ganny,McGonnell,gmcgonnellpj@examiner.com,dmoIQPE9IPE71tf89zqv
921,Honey,Nairne,hnairnepk@hugedomains.com,xpsDIWMM9V4OJjrp2tpt
922,Eolanda,Schulter,eschulterpl@de.vu,digJGGWMBHZGOna75klq
923,Tabina,Roches,trochespm@earthlink.net,dzfWYTSKHBRGCg593eok
924,Fredia,Wrotham,fwrothampn@hud.gov,kleFVEP9PKTXPin85xnb
925,Ingrim,Perutto,iperuttopo@businessinsider.com,lyyVRLGUGPR9Ewvt0hdr
926,Benita,Taffs,btaffspp@typepad.com,espZMJYHYHDTMe448eil
927,Angelo,Doudney,adoudneypq@zdnet.com,oalYNZJ4WCTGMn758byv
928,Agnella,Shawel,ashawelpr@twitpic.com,xahVDANZWMAQF5ww0wyb
929,Edeline,Nelthropp,enelthroppps@is.gd,jkrKILYOULML3f084vlz
930,Chic,Pomfrey,cpomfreypt@lulu.com,bysSRWPWIW58Anj27tmx
931,Ruprecht,Peile,rpeilepu@netscape.com,hfsISKJYOKYA9zm01uir
932,Delphinia,Stang-Gjertsen,dstanggjertsenpv@blinklist.com,czpLUMREMHNRPeue8ajs
933,Rufe,Cudbird,rcudbirdpw@java.com,zdlCNBJLUMFIKfie9ttz
934,Brooks,Lettley,blettleypx@globo.com,wkaBNDDY29PFTb8e8bwj
935,Shelton,Swayte,sswaytepy@state.gov,mljSXYE2RF88Q6g31pct
936,Reinold,Hamor,rhamorpz@mashable.com,ktxSFHTHAWFX67od5wli
937,Seana,Garnham,sgarnhamq0@hexun.com,tovPFFYD86FXUw0z3wjj
938,Yetty,Pieracci,ypieracciq1@npr.org,aovZRUCNM4QYHku37tli
939,Buckie,Casse,bcasseq2@shareasale.com,mnyYSFM0QXLTI4j37btb
940,Gaylord,Bryett,gbryettq3@artisteer.com,dxiWWKJHG4OC5z8a6lmh
941,Marney,Maccree,mmaccreeq4@yolasite.com,ootPSJCM9L0EQhg38dqv
942,Ardine,Trodden,atroddenq5@google.com.br,wccTIDQ6G6LLDrtp0gmh
943,Conni,Joncic,cjoncicq6@soup.io,qheGHNDQYO4SA3is8zgk
944,Rafi,Woolley,rwoolleyq7@cocolog-nifty.com,unsLJOCX2TGYYjsi9ojc
945,Berty,Pedron,bpedronq8@amazonaws.com,ovcJVMP6WP2KZfb50imz
946,Theo,Mohammed,tmohammedq9@privacy.gov.au,wlfQZPRZD77ETazb1hbn
947,Toni,Vasenin,tvaseninqa@nasa.gov,tusIBHSB1PKBMb1t5kii
948,Randie,Bilham,rbilhamqb@hao123.com,yoaHBJMWH7KGW96w0jzo
949,Frederik,Casarili,fcasariliqc@unblog.fr,wyiWDBWDVHGORez87ras
950,Van,Pinfold,vpinfoldqd@theguardian.com,ekeJVOJOJ8LH4guk5ulc
951,Evered,Gabbot,egabbotqe@blog.com,ifdJVXRSDU5KBzkz2mjz
952,Idell,Dybald,idybaldqf@salon.com,vbsIWMYWSWHS5gi27knl
953,Jordain,Caush,jcaushqg@cdc.gov,sybZHMVEE31AYahi5mbx
954,Rora,Berks,rberksqh@amazon.de,exjIHTT5YP0QZeeb9fzr
955,Frederica,Clell,fclellqi@blogger.com,gppZMBOPTETQE1y46knr
956,Elianora,Surgood,esurgoodqj@bandcamp.com,hmjWGHH49X9GF7yk9muo
957,Thorpe,Rubenovic,trubenovicqk@over-blog.com,jieXSLNWUGLDFm545nvv
958,Robinia,Wingeat,rwingeatql@delicious.com,ohcPZEUAO143I0kg6dra
959,Klarika,Maffulli,kmaffulliqm@bbc.co.uk,hyfQSMOBND9QBuoh9rrh
960,Verena,Camamill,vcamamillqn@wikia.com,xwoWWTM1V24JJeo41sak
961,Vaughan,Itzcovichch,vitzcovichchqo@yahoo.com,dqjNALAQ9M1MOmlo5kcd
962,Tabb,Smallman,tsmallmanqp@go.com,nubLTHMKQE3V503k8imc
963,Waite,Compston,wcompstonqq@springer.com,lcsGEDHC2DIO8scq9vfa
964,Tait,Abby,tabbyqr@oakley.com,zpeOQYFFYQMO7mw96sah
965,Frederich,Borghese,fborgheseqs@dailymail.co.uk,khqQGWUR41C5Zs4u7rhq
966,Reinaldo,Sheehy,rsheehyqt@webnode.com,wkyXSVAQ2ZR9Baqd9xdn
967,Carol,Scanlin,cscanlinqu@cornell.edu,itnJTHKZT44VFxkp4pwl
968,Bel,Axston,baxstonqv@upenn.edu,kpfNKGU5E5RTLqgv0pal
969,Katrine,Ginman,kginmanqw@sina.com.cn,semKOECNU2JIIcqg8giy
970,Benoit,Hadlee,bhadleeqx@infoseek.co.jp,ganUBWA3OSOV5z627rpi
971,Anselma,Jeays,ajeaysqy@360.cn,iseIUGM6GBBJH7190ezp
972,Graeme,Zamora,gzamoraqz@pagesperso-orange.fr,yryHTYARLIF8O67w0uct
973,Matthiew,Lapidus,mlapidusr0@dell.com,qcbLHIS6YW5V0b0l4mio
974,Rhodie,Casillas,rcasillasr1@istockphoto.com,qtlHVSWUEKJ3Hlbs7yne
975,Rasla,Davidovicz,rdavidoviczr2@loc.gov,ejoXAMUUYPGUDc4l6lmx
976,Fanny,Brashaw,fbrashawr3@yahoo.co.jp,comFJZRS76YKPd3n5soj
977,Gerhard,Fownes,gfownesr4@google.co.uk,xteWFAWIEMZLOanw1fbr
978,Cherri,Meineken,cmeinekenr5@businessinsider.com,mnsHONZSEL1PK6ff0nlt
979,Pepi,Legat,plegatr6@wordpress.com,ujgZELLW5IJ33u5x1nkq
980,Jasper,Whaley,jwhaleyr7@illinois.edu,oksZKSLISBOZ7lt61zju
981,Carmine,Vasilchikov,cvasilchikovr8@upenn.edu,sarRNIF9AM2ND2nz0byq
982,Dorelia,Fayre,dfayrer9@mlb.com,vkpSHKNE77GSW3wk4gst
983,Fletcher,Ounsworth,founsworthra@jiathis.com,bqtDTQOQZ3LCPr939ahm
984,Talia,McTerrelly,tmcterrellyrb@exblog.jp,itpQGVD6KWZ3Ph8e3tne
985,Olivier,Stancliffe,ostanclifferc@fc2.com,whaLLJEGGAMOKyr92arv
986,Andonis,Camsey,acamseyrd@dailymail.co.uk,afxXNQGJOK3X5lcd0ivz
987,Wilhelm,Thebeau,wthebeaure@multiply.com,aqxNUCMQQ2ZFApdf1oqx
988,Aldon,Keunemann,akeunemannrf@istockphoto.com,krhRBPOMAM25Ctsj4whk
989,Beverie,Fernanando,bfernanandorg@weather.com,xoiNBVMVJPIEEi3r1uss
990,Charles,Crowter,ccrowterrh@studiopress.com,pcdKTGZPBN3VTl7i4rvp
991,Waylon,Glennard,wglennardri@army.mil,wssGBSLA38J0Akfl1szt
992,Magda,McCerery,mmccereryrj@statcounter.com,nnmHDORMSE4FV3ze6akp
993,Pietra,Kencott,pkencottrk@tmall.com,nxePQYZCNBKWU1bq9gfk
994,Dottie,Carnall,dcarnallrl@wiley.com,xgxHRATQCZ96Vere9hqb
995,Walther,Bewly,wbewlyrm@pbs.org,msfMMBDDVI2PB4zu9vtp
996,Antonino,Scamp,ascamprn@t-online.de,fnsZKMRFWQVQR62o4shj
997,Orelia,O'Hegertie,oohegertiero@php.net,wkqPJALTJBBA2iok8gsu
998,Lefty,Peracco,lperaccorp@quantcast.com,tvxBHEO2S2BNCjuo8xxf
999,Rubin,Hendricks,rhendricksrq@merriam-webster.com,vddBDERSCOE2Dzdp2dqu
1000,Marlyn,Axworthy,maxworthyrr@about.me,atiPQCPGLAK4Wiik5gvz
